{"instance": "clouds_00000_20x20_40_160", "steps": [{"0": "N", "1": "N", "2": "N", "3": "N", "4": "N", "5": "N", "6": "N", "7": "E", "8": "N", "9": "N", "10": "N", "11": "N", "12": "N", "13": "E", "14": "E", "15": "N", "16": "N", "17": "N", "18": "N", "19": "E", "20": "N", "21": "N", "22": "N", "23": "E", "24": "E", "25": "N", "26": "N", "27": "N", "29": "N", "30": "E", "31": "E", "34": "E", "35": "N", "36": "E", "37": "N", "38": "E", "39": "N", "40": "E", "41": "E", "42": "N", "43": "N", "44": "N", "45": "N", "47": "E", "48": "N", "49": "N", "50": "N", "51": "E", "52": "N", "53": "N", "54": "E", "55": "E", "56": "N", "57": "N", "58": "N", "59": "N", "60": "N", "61": "N", "62": "N", "63": "N", "64": "N", "65": "N", "66": "N", "67": "N", "68": "N", "69": "N", "70": "N", "71": "N", "72": "N", "73": "N", "74": "E", "75": "E", "76": "N", "77": "N", "78": "N", "79": "N", "80": "N", "81": "N", "82": "N", "83": "E", "84": "N", "85": "N", "86": "N", "87": "E", "88": "E", "89": "N", "90": "N", "91": "N", "92": "N", "93": "N", "94": "E", "95": "N", "96": "N", "97": "N", "98": "E", "99": "N", "100": "N", "101": "N", "102": "E", "104": "N", "105": "N", "106": "N", "107": "N", "108": "N", "109": "N", "110": "N", "111": "N", "112": "E", "113": "E", "114": "N", "115": "N", "116": "N", "117": "E", "118": "N", "119": "N", "120": "N", "121": "N", "122": "N", "123": "N", "124": "E", "125": "E", "126": "N", "127": "N", "128": "N", "129": "N", "130": "N", "131": "E", "132": "N", "133": "N", "134": "N", "135": "N", "136": "N", "137": "N", "138": "E", "139": "E", "140": "E", "141": "N", "142": "N", "143": "N", "144": "N", "145": "N", "146": "N", "147": "N", "148": "E", "149": "N", "150": "N", "151": "N", "152": "N", "153": "N", "154": "E", "155": "N", "156": "E", "157": "N", "158": "E", "159": "N"}, {"0": "N", "1": "E", "2": "N", "4": "E", "5": "E", "7": "E", "8": "E", "9": "E", "10": "E", "11": "N", "12": "E", "13": "E", "14": "E", "15": "E", "16": "N", "17": "N", "18": "E", "19": "E", "20": "N", "21": "N", "22": "N", "23": "E", "24": "E", "25": "N", "26": "E", "27": "E", "28": "E", "29": "N", "30": "E", "31": "E", "32": "E", "33": "N", "34": "E", "35": "E", "36": "N", "37": "E", "38": "E", "39": "E", "40": "E", "41": "E", "42": "N", "43": "E", "44": "E", "45": "N", "46": "E", "47": "E", "48": "E", "50": "N", "51": "E", "52": "N", "54": "E", "55": "E", "56": "N", "58": "N", "59": "E", "60": "N", "61": "N", "62": "N", "63": "E", "64": "N", "65": "N", "66": "E", "67": "E", "68": "N", "69": "E", "70": "E", "71": "N", "72": "E", "73": "N", "74": "E", "75": "E", "76": "N", "77": "N", "78": "E", "79": "N", "80": "E", "81": "E", "82": "N", "83": "E", "84": "E", "85": "E", "86": "N", "87": "E", "88": "N", "89": "E", "90": "E", "91": "N", "92": "E", "93": "E", "94": "E", "95": "E", "96": "N", "97": "E", "98": "E", "99": "E", "101": "E", "102": "E", "103": "E", "104": "E", "105": "N", "106": "E", "107": "E", "108": "N", "109": "N", "110": "N", "111": "E", "112": "E", "114": "N", "115": "N", "116": "N", "117": "E", "118": "E", "119": "E", "120": "E", "121": "E", "122": "N", "123": "N", "124": "E", "125": "E", "126": "E", "127": "E", "128": "E", "129": "E", "130": "N", "131": "E", "132": "N", "133": "E", "134": "E", "135": "E", "136": "N", "137": "N", "138": "E", "139": "E", "140": "E", "141": "E", "142": "N", "143": "E", "144": "E", "145": "E", "146": "E", "147": "N", "148": "E", "149": "N", "150": "E", "151": "E", "152": "N", "153": "E", "154": "E", "155": "E", "156": "E", "157": "N", "158": "E", "159": "E"}, {"0": "N", "1": "E", "2": "E", "3": "E", "4": "N", "5": "E", "6": "E", "7": "E", "8": "N", "9": "N", "10": "E", "11": "N", "12": "N", "13": "E", "14": "E", "15": "N", "16": "E", "17": "N", "18": "N", "19": "E", "20": "N", "21": "N", "22": "N", "23": "E", "24": "E", "25": "N", "26": "N", "27": "E", "28": "E", "29": "N", "30": "E", "31": "E", "32": "E", "33": "E", "34": "E", "35": "N", "36": "E", "37": "N", "38": "E", "39": "N", "40": "E", "42": "N", "43": "E", "44": "N", "45": "N", "46": "E", "47": "E", "48": "E", "49": "E", "50": "N", "51": "E", "52": "N", "53": "E", "54": "E", "56": "N", "57": "E", "58": "N", "59": "E", "60": "N", "61": "N", "62": "N", "63": "E", "64": "E", "65": "N", "66": "E", "67": "E", "68": "N", "69": "N", "70": "E", "71": "N", "72": "E", "73": "N", "74": "E", "75": "E", "76": "N", "77": "N", "78": "E", "79": "N", "80": "N", "82": "N", "83": "E", "85": "N", "86": "N", "87": "E", "88": "E", "89": "E", "90": "N", "91": "N", "92": "N", "93": "E", "94": "E", "95": "E", "96": "N", "97": "E", "99": "E", "100": "E", "101": "N", "102": "E", "103": "E", "104": "E", "105": "N", "106": "N", "107": "N", "108": "N", "109": "N", "110": "N", "111": "E", "112": "E", "114": "N", "115": "N", "116": "E", "117": "E", "118": "E", "119": "N", "120": "N", "121": "E", "122": "N", "123": "N", "124": "E", "125": "E", "126": "E", "127": "E", "128": "E", "129": "E", "130": "N", "131": "E", "132": "N", "133": "N", "134": "E", "135": "N", "136": "N", "137": "N", "138": "E", "139": "E", "140": "E", "141": "N", "142": "N", "143": "E", "144": "N", "145": "N", "146": "N", "147": "N", "148": "E", "149": "N", "150": "N", "152": "N", "153": "E", "154": "E", "155": "N", "156": "E", "157": "N", "158": "E", "159": "E"}, {"0": "N", "1": "N", "2": "E", "3": "N", "4": "N", "5": "E", "6": "N", "7": "N", "8": "E", "9": "N", "10": "E", "11": "N", "12": "E", "13": "N", "14": "E", "15": "E", "16": "E", "17": "N", "18": "E", "19": "N", "20": "N", "21": "N", "22": "N", "23": "E", "24": "E", "25": "N", "26": "N", "27": "E", "28": "E", "29": "N", "30": "E", "31": "E", "32": "N", "33": "E", "34": "E", "35": "N", "36": "E", "37": "N", "38": "E", "39": "N", "40": "E", "42": "N", "43": "N", "44": "E", "45": "E", "46": "N", "47": "E", "49": "N", "50": "N", "51": "E", "52": "N", "53": "N", "54": "E", "57": "N", "58": "N", "59": "E", "60": "N", "61": "N", "62": "N", "63": "E", "64": "N", "66": "N", "67": "E", "68": "E", "69": "E", "70": "E", "71": "E", "72": "N", "73": "N", "74": "E", "75": "E", "76": "N", "77": "E", "78": "E", "79": "E", "80": "N", "81": "N", "82": "E", "83": "E", "85": "E", "86": "N", "87": "E", "88": "E", "89": "N", "90": "N", "91": "N", "92": "E", "93": "N", "94": "E", "95": "E", "96": "N", "97": "E", "99": "E", "100": "N", "101": "N", "102": "E", "103": "E", "104": "N", "105": "N", "106": "N", "107": "E", "108": "E", "109": "N", "110": "N", "111": "N", "112": "E", "114": "N", "115": "N", "116": "N", "117": "E", "118": "N", "119": "E", "120": "E", "121": "E", "122": "E", "123": "N", "124": "E", "126": "N", "127": "E", "128": "N", "129": "E", "130": "N", "131": "E", "132": "N", "133": "E", "135": "E", "136": "N", "137": "N", "138": "E", "139": "E", "140": "N", "141": "N", "142": "N", "143": "N", "144": "E", "145": "E", "146": "N", "147": "E", "148": "E", "149": "N", "150": "N", "151": "N", "152": "E", "153": "E", "154": "N", "155": "N", "156": "E", "157": "N", "158": "E", "159": "E"}, {"0": "N", "1": "E", "2": "E", "3": "N", "5": "E", "6": "E", "7": "E", "8": "N", "9": "E", "10": "E", "11": "N", "13": "E", "15": "N", "16": "E", "17": "N", "18": "E", "19": "E", "20": "N", "21": "E", "22": "E", "23": "E", "24": "E", "25": "N", "27": "E", "28": "E", "29": "N", "30": "E", "31": "E", "32": "E", "33": "N", "34": "N", "35": "N", "36": "E", "37": "N", "38": "E", "39": "N", "40": "E", "42": "N", "43": "E", "44": "N", "45": "E", "46": "E", "47": "E", "49": "N", "50": "E", "51": "E", "52": "N", "53": "N", "54": "E", "57": "N", "58": "N", "59": "E", "60": "N", "61": "N", "62": "E", "63": "E", "64": "E", "66": "E", "67": "E", "68": "N", "69": "E", "70": "E", "71": "N", "72": "E", "73": "N", "74": "E", "75": "E", "76": "N", "77": "N", "78": "E", "79": "E", "80": "N", "81": "N", "82": "N", "83": "N", "85": "N", "86": "N", "87": "E", "88": "E", "89": "E", "90": "N", "91": "N", "92": "E", "93": "N", "94": "E", "95": "E", "96": "N", "97": "E", "99": "E", "100": "N", "101": "N", "102": "E", "103": "E", "104": "N", "105": "N", "106": "N", "107": "N", "108": "N", "109": "N", "110": "E", "111": "E", "112": "N", "114": "N", "115": "N", "116": "N", "117": "E", "118": "N", "119": "N", "120": "E", "121": "E", "122": "E", "123": "N", "124": "N", "126": "E", "127": "E", "128": "E", "130": "N", "131": "E", "132": "N", "133": "E", "135": "N", "136": "E", "137": "E", "138": "E", "139": "E", "140": "E", "142": "N", "143": "E", "144": "E", "145": "N", "146": "N", "147": "N", "148": "E", "149": "E", "150": "N", "151": "N", "152": "E", "153": "E", "154": "N", "155": "N", "156": "E", "157": "E", "158": "E", "159": "E"}, {"0": "N", "1": "E", "2": "E", "3": "N", "5": "N", "6": "E", "7": "E", "8": "E", "9": "E", "10": "E", "11": "N", "13": "E", "14": "E", "15": "E", "16": "E", "17": "N", "18": "N", "19": "E", "20": "E", "21": "E", "22": "N", "23": "N", "25": "N", "27": "E", "28": "N", "29": "N", "30": "N", "31": "N", "32": "E", "33": "E", "34": "E", "35": "N", "36": "E", "37": "N", "38": "E", "39": "N", "43": "E", "44": "N", "46": "E", "47": "N", "49": "N", "50": "E", "51": "N", "52": "N", "53": "N", "54": "E", "57": "N", "58": "N", "59": "N", "60": "N", "61": "N", "62": "N", "63": "E", "64": "E", "66": "E", "67": "E", "68": "N", "69": "E", "70": "E", "71": "N", "72": "E", "73": "N", "74": "N", "75": "E", "76": "N", "77": "N", "78": "E", "79": "E", "80": "N", "81": "N", "82": "N", "83": "E", "85": "E", "86": "N", "87": "E", "88": "E", "89": "E", "90": "N", "91": "N", "92": "E", "93": "N", "94": "E", "95": "E", "96": "N", "97": "N", "99": "N", "100": "N", "101": "N", "103": "N", "104": "N", "105": "N", "106": "N", "107": "N", "108": "E", "109": "E", "110": "E", "111": "E", "112": "E", "114": "N", "115": "N", "116": "N", "117": "N", "118": "N", "119": "N", "120": "E", "121": "N", "122": "N", "123": "N", "124": "N", "126": "E", "127": "E", "128": "E", "130": "N", "131": "E", "132": "N", "133": "N", "135": "E", "136": "N", "137": "N", "138": "N", "139": "E", "140": "E", "142": "N", "143": "E", "144": "E", "145": "N", "146": "N", "147": "N", "148": "N", "150": "N", "151": "N", "152": "N", "153": "E", "154": "E", "155": "N", "156": "E", "158": "E", "159": "E"}, {"0": "N", "1": "N", "2": "N", "3": "N", "5": "E", "6": "E", "7": "N", "8": "N", "10": "N", "11": "N", "13": "N", "14": "N", "15": "N", "16": "E", "18": "N", "19": "N", "20": "N", "21": "N", "22": "N", "23": "E", "25": "N", "27": "E", "28": "E", "29": "N", "30": "N", "31": "N", "32": "N", "33": "E", "34": "E", "35": "N", "37": "N", "38": "E", "39": "N", "43": "E", "44": "N", "46": "N", "47": "N", "49": "N", "50": "E", "51": "N", "52": "N", "53": "N", "54": "E", "57": "N", "58": "N", "59": "E", "61": "N", "62": "N", "63": "N", "66": "E", "67": "N", "68": "E", "70": "E", "71": "E", "72": "N", "73": "N", "74": "N", "75": "N", "76": "E", "77": "E", "78": "N", "79": "E", "80": "N", "81": "N", "82": "E", "83": "E", "85": "N", "86": "N", "89": "E", "90": "N", "91": "N", "92": "N", "93": "E", "95": "E", "96": "N", "97": "E", "99": "E", "100": "N", "103": "N", "104": "N", "107": "E", "108": "N", "109": "N", "111": "E", "112": "E", "114": "N", "115": "N", "116": "N", "117": "N", "118": "N", "119": "E", "120": "N", "121": "E", "123": "N", "124": "E", "126": "N", "127": "N", "130": "N", "132": "N", "133": "E", "135": "N", "136": "N", "137": "E", "138": "N", "139": "N", "140": "N", "142": "N", "143": "N", "144": "E", "145": "N", "146": "N", "147": "N", "148": "E", "150": "N", "151": "N", "152": "E", "153": "E", "154": "N", "155": "N", "156": "E", "158": "E", "159": "E"}, {"1": "N", "2": "N", "3": "E", "5": "E", "6": "N", "7": "E", "8": "N", "10": "E", "11": "N", "13": "N", "14": "E", "15": "N", "16": "N", "18": "E", "19": "N", "20": "N", "21": "N", "22": "E", "25": "N", "27": "E", "28": "E", "29": "N", "30": "E", "31": "E", "32": "N", "33": "E", "34": "E", "35": "N", "37": "N", "39": "N", "43": "N", "44": "N", "46": "N", "47": "E", "49": "N", "50": "N", "51": "E", "52": "N", "53": "N", "54": "E", "57": "E", "59": "E", "61": "E", "62": "E", "63": "E", "66": "N", "67": "E", "68": "E", "70": "E", "71": "E", "72": "N", "73": "N", "74": "E", "75": "N", "76": "E", "77": "E", "78": "E", "79": "E", "81": "N", "82": "E", "83": "E", "85": "N", "86": "N", "89": "N", "91": "N", "92": "E", "95": "N", "96": "N", "97": "E", "99": "E", "100": "N", "103": "E", "104": "E", "107": "E", "108": "E", "109": "E", "111": "N", "112": "E", "115": "E", "116": "N", "119": "E", "120": "E", "121": "E", "123": "N", "124": "E", "126": "N", "127": "E", "128": "N", "130": "N", "132": "N", "135": "N", "136": "E", "137": "E", "138": "E", "139": "E", "140": "N", "142": "N", "143": "N", "144": "E", "145": "N", "146": "E", "147": "E", "151": "N", "152": "E", "153": "E", "154": "N", "156": "E", "159": "E"}, {"1": "E", "3": "E", "5": "E", "6": "N", "7": "E", "8": "N", "10": "E", "11": "N", "13": "N", "14": "E", "15": "N", "16": "N", "19": "E", "20": "N", "21": "E", "22": "E", "25": "N", "27": "E", "28": "N", "29": "N", "30": "N", "31": "E", "32": "E", "34": "N", "35": "N", "39": "N", "43": "E", "44": "N", "46": "E", "47": "E", "49": "N", "51": "N", "52": "N", "53": "N", "54": "E", "61": "E", "62": "N", "63": "E", "66": "N", "67": "E", "68": "N", "70": "E", "71": "N", "72": "E", "73": "N", "74": "E", "75": "N", "76": "N", "77": "N", "78": "E", "81": "N", "82": "N", "83": "N", "85": "N", "86": "N", "89": "N", "91": "N", "95": "N", "96": "E", "97": "N", "99": "N", "100": "E", "103": "E", "107": "E", "108": "N", "109": "E", "111": "N", "112": "N", "115": "E", "119": "N", "120": "E", "121": "N", "123": "N", "124": "E", "126": "N", "127": "E", "128": "N", "130": "N", "132": "N", "135": "N", "136": "E", "137": "N", "138": "N", "139": "E", "140": "N", "143": "E", "144": "E", "145": "E", "147": "E", "151": "N", "152": "E", "154": "E"}, {"1": "E", "5": "N", "6": "N", "7": "N", "8": "E", "10": "E", "13": "N", "14": "N", "15": "E", "16": "E", "19": "E", "20": "E", "21": "E", "22": "E", "25": "E", "27": "E", "28": "N", "29": "E", "30": "E", "31": "E", "32": "N", "34": "N", "35": "N", "39": "N", "43": "N", "44": "N", "46": "N", "49": "N", "51": "E", "52": "E", "53": "N", "62": "E", "63": "E", "66": "N", "67": "E", "68": "E", "70": "E", "71": "E", "73": "E", "76": "N", "77": "E", "78": "N", "82": "E", "83": "N", "85": "E", "86": "E", "89": "N", "91": "E", "95": "N", "96": "E", "97": "N", "99": "N", "107": "E", "108": "E", "111": "N", "112": "N", "115": "E", "119": "N", "121": "N", "123": "E", "124": "N", "126": "E", "127": "E", "128": "N", "130": "E", "135": "E", "136": "E", "137": "N", "138": "N", "139": "N", "140": "N", "143": "N", "144": "N", "145": "E", "151": "N", "152": "E", "154": "N"}, {"1": "E", "5": "N", "6": "N", "7": "N", "8": "N", "10": "E", "13": "N", "14": "N", "15": "N", "16": "E", "19": "E", "21": "E", "22": "E", "25": "E", "28": "N", "29": "E", "32": "N", "34": "E", "43": "E", "44": "N", "46": "N", "52": "E", "63": "E", "66": "N", "67": "E", "68": "N", "71": "N", "73": "E", "76": "E", "77": "N", "78": "E", "82": "N", "83": "E", "85": "N", "86": "E", "89": "N", "91": "E", "95": "N", "96": "N", "97": "N", "99": "N", "107": "N", "108": "E", "111": "N", "112": "E", "115": "E", "121": "N", "123": "E", "124": "E", "130": "E", "135": "N", "136": "N", "137": "N", "138": "E", "139": "N", "140": "N", "144": "N", "145": "N", "152": "E", "154": "N"}, {"1": "E", "5": "N", "13": "N", "14": "N", "16": "N", "19": "N", "21": "E", "22": "N", "25": "E", "28": "N", "29": "E", "32": "N", "34": "E", "43": "N", "44": "E", "46": "N", "52": "E", "66": "E", "71": "N", "82": "N", "83": "E", "85": "N", "86": "E", "89": "N", "91": "E", "95": "N", "96": "E", "97": "N", "99": "N", "107": "N", "111": "E", "112": "E", "115": "E", "124": "N", "130": "E", "135": "N", "136": "E", "139": "N", "140": "N", "144": "N", "145": "N", "152": "E", "154": "N"}, {"1": "N", "5": "N", "14": "E", "19": "N", "21": "N", "22": "E", "25": "E", "28": "N", "34": "N", "43": "E", "44": "E", "83": "N", "86": "E", "89": "E", "95": "E", "96": "E", "107": "N", "112": "N", "115": "E", "124": "N", "136": "E", "144": "E", "145": "N", "152": "N", "154": "N"}, {"1": "N", "5": "N", "19": "N", "21": "E", "22": "N", "28": "N", "43": "E", "107": "E", "115": "E", "136": "E", "145": "E", "152": "N"}, {"1": "E", "19": "N", "22": "N", "43": "N", "107": "E", "115": "E", "136": "E"}, {"136": "E"}, {}, {"0": "S", "1": "E", "2": "E", "3": "S", "4": "E", "5": "E", "6": "S", "7": "E", "8": "S", "9": "S", "10": "N", "11": "E", "12": "E", "13": "S", "14": "N", "15": "S", "16": "S", "17": "S", "18": "N", "19": "N", "20": "N", "21": "W", "22": "S", "23": "E", "24": "W", "25": "S", "26": "E", "27": "W", "28": "S", "29": "W", "30": "N", "31": "N", "32": "S", "33": "E", "34": "N", "35": "S", "36": "E", "37": "S", "38": "N", "39": "S", "40": "E", "41": "W", "42": "S", "43": "W", "44": "S", "45": "E", "46": "S", "47": "W", "48": "E", "49": "N", "50": "S", "51": "N", "52": "S", "53": "S", "54": "W", "55": "E", "56": "N", "57": "E", "58": "E", "59": "E", "60": "E", "61": "E", "62": "S", "63": "W", "64": "S", "65": "N", "66": "S", "67": "N", "68": "S", "69": "W", "70": "W", "71": "S", "72": "E", "73": "S", "74": "E", "75": "N", "76": "W", "77": "W", "78": "N", "79": "E", "80": "S", "81": "S", "82": "S", "84": "N", "85": "S", "86": "S", "87": "N", "88": "E", "89": "N", "90": "E", "91": "S", "92": "E", "93": "W", "94": "E", "95": "W", "96": "S", "97": "S", "98": "E", "99": "E", "100": "S", "101": "S", "102": "N", "103": "N", "104": "S", "105": "S", "106": "S", "107": "N", "108": "W", "110": "N", "111": "S", "112": "N", "113": "E", "114": "S", "115": "S", "116": "S", "117": "N", "118": "W", "119": "S", "120": "W", "121": "S", "122": "E", "123": "S", "124": "N", "125": "E", "126": "W", "127": "N", "128": "S", "129": "E", "130": "S", "132": "S", "133": "W", "134": "E", "135": "S", "136": "N", "137": "E", "138": "S", "139": "N", "140": "S", "141": "W", "142": "S", "143": "W", "144": "N", "145": "S", "146": "S", "147": "N", "148": "N", "149": "W", "150": "S", "151": "S", "152": "N", "153": "W", "154": "S", "155": "E", "156": "N", "157": "N", "158": "N", "159": "N"}, {"0": "E", "1": "N", "2": "E", "3": "S", "4": "E", "5": "N", "6": "S", "7": "E", "8": "W", "9": "E", "10": "W", "11": "E", "12": "E", "13": "S", "14": "N", "15": "E", "16": "S", "17": "E", "18": "N", "19": "N", "20": "N", "21": "W", "22": "S", "23": "E", "24": "W", "25": "S", "26": "E", "27": "W", "28": "S", "29": "W", "30": "E", "31": "W", "32": "S", "33": "E", "34": "W", "35": "S", "36": "E", "37": "S", "38": "N", "39": "S", "40": "E", "41": "N", "42": "E", "43": "W", "44": "S", "45": "S", "46": "S", "47": "W", "48": "E", "49": "N", "50": "S", "51": "E", "52": "S", "53": "S", "54": "W", "55": "E", "56": "W", "57": "E", "58": "E", "59": "E", "60": "N", "61": "N", "62": "E", "63": "W", "64": "E", "66": "S", "67": "N", "68": "S", "69": "W", "70": "W", "71": "S", "72": "E", "73": "S", "75": "E", "76": "N", "77": "W", "78": "N", "79": "E", "80": "S", "81": "S", "82": "S", "83": "E", "84": "E", "85": "S", "86": "S", "87": "E", "88": "E", "89": "N", "90": "E", "91": "S", "92": "E", "93": "N", "94": "E", "95": "N", "96": "S", "97": "E", "98": "E", "99": "N", "100": "S", "101": "S", "102": "N", "103": "N", "104": "S", "105": "S", "106": "S", "107": "N", "108": "N", "110": "N", "111": "S", "112": "N", "113": "E", "114": "S", "115": "W", "116": "S", "118": "W", "119": "S", "120": "W", "121": "W", "122": "N", "123": "S", "124": "W", "125": "E", "126": "S", "127": "W", "128": "S", "129": "E", "130": "S", "131": "E", "132": "W", "133": "W", "134": "E", "135": "S", "136": "W", "137": "N", "138": "S", "139": "W", "140": "E", "141": "N", "142": "S", "143": "N", "144": "W", "145": "E", "146": "S", "147": "W", "148": "E", "149": "W", "150": "S", "151": "S", "152": "N", "153": "W", "154": "S", "156": "N", "157": "E", "158": "N", "159": "N"}, {"0": "S", "1": "W", "2": "N", "3": "S", "4": "E", "5": "N", "6": "S", "7": "N", "8": "S", "9": "E", "10": "N", "11": "E", "12": "E", "13": "S", "14": "N", "15": "E", "16": "S", "17": "S", "18": "W", "19": "E", "20": "N", "21": "W", "22": "S", "23": "N", "24": "W", "25": "S", "27": "W", "28": "S", "29": "S", "30": "E", "31": "N", "32": "S", "33": "E", "34": "N", "35": "S", "36": "S", "37": "S", "38": "N", "39": "S", "40": "E", "41": "N", "42": "S", "43": "W", "44": "S", "45": "E", "46": "S", "47": "W", "48": "E", "49": "W", "50": "S", "51": "E", "52": "S", "53": "E", "54": "W", "55": "E", "56": "N", "57": "E", "59": "N", "61": "E", "62": "S", "63": "W", "64": "E", "65": "N", "66": "S", "67": "N", "68": "S", "69": "N", "70": "W", "71": "S", "72": "E", "73": "S", "74": "N", "75": "N", "76": "E", "77": "W", "78": "N", "79": "E", "80": "S", "81": "S", "82": "S", "83": "N", "84": "E", "85": "S", "86": "S", "87": "N", "88": "E", "89": "N", "90": "E", "91": "W", "92": "E", "93": "N", "94": "E", "95": "N", "96": "S", "97": "E", "98": "E", "99": "N", "100": "S", "101": "S", "102": "N", "103": "N", "104": "S", "105": "S", "106": "S", "107": "N", "110": "W", "111": "S", "112": "N", "113": "E", "114": "S", "115": "W", "116": "S", "117": "N", "118": "N", "119": "S", "120": "N", "121": "S", "122": "N", "123": "S", "124": "N", "125": "E", "126": "S", "127": "N", "128": "S", "129": "E", "130": "S", "131": "E", "132": "S", "133": "W", "134": "E", "135": "S", "136": "N", "138": "S", "139": "N", "140": "S", "141": "N", "142": "S", "143": "W", "144": "N", "145": "S", "146": "S", "147": "N", "148": "E", "149": "N", "150": "S", "151": "S", "152": "N", "153": "W", "154": "S", "155": "E", "156": "E", "158": "E", "159": "E"}, {"0": "S", "2": "N", "3": "S", "4": "N", "5": "N", "6": "S", "7": "N", "8": "S", "9": "E", "10": "W", "11": "S", "12": "E", "13": "S", "14": "N", "15": "N", "16": "S", "17": "S", "18": "W", "19": "N", "20": "E", "21": "W", "22": "S", "23": "E", "24": "W", "25": "W", "26": "N", "27": "W", "28": "S", "29": "S", "30": "N", "32": "S", "33": "E", "34": "W", "35": "S", "36": "E", "37": "S", "38": "E", "39": "S", "40": "E", "41": "E", "42": "S", "43": "S", "44": "S", "45": "E", "46": "S", "47": "W", "48": "E", "49": "S", "50": "E", "51": "E", "52": "S", "53": "E", "54": "W", "55": "E", "56": "N", "57": "E", "58": "E", "59": "E", "60": "E", "61": "N", "62": "S", "63": "W", "64": "E", "65": "N", "66": "S", "67": "N", "68": "S", "69": "W", "70": "W", "71": "S", "72": "S", "73": "S", "74": "E", "75": "N", "76": "E", "77": "N", "78": "E", "79": "E", "80": "E", "81": "S", "82": "S", "83": "N", "84": "E", "85": "S", "86": "S", "87": "N", "88": "N", "89": "N", "90": "S", "91": "S", "92": "E", "93": "N", "94": "E", "95": "W", "96": "S", "97": "S", "98": "N", "99": "E", "100": "S", "101": "S", "102": "N", "103": "W", "104": "S", "105": "W", "106": "S", "107": "N", "108": "N", "110": "N", "111": "S", "112": "N", "113": "E", "114": "S", "115": "S", "116": "S", "117": "N", "118": "N", "119": "S", "120": "N", "121": "S", "122": "N", "123": "S", "124": "N", "125": "E", "126": "E", "127": "W", "128": "S", "129": "E", "130": "S", "131": "E", "132": "S", "133": "W", "134": "E", "135": "S", "136": "N", "137": "E", "138": "S", "139": "N", "140": "S", "141": "W", "142": "S", "143": "W", "144": "W", "145": "S", "146": "S", "147": "N", "148": "E", "149": "N", "150": "W", "151": "S", "152": "W", "153": "N", "154": "S", "156": "E", "157": "N", "158": "E", "159": "E"}, {"0": "S", "2": "E", "3": "E", "4": "N", "5": "N", "6": "S", "7": "N", "8": "S", "9": "E", "10": "N", "11": "E", "12": "E", "13": "S", "14": "N", "15": "E", "16": "S", "17": "S", "18": "W", "19": "N", "20": "S", "21": "N", "22": "S", "23": "E", "24": "W", "25": "S", "26": "N", "27": "W", "28": "S", "29": "S", "30": "N", "31": "N", "32": "E", "33": "S", "34": "N", "35": "S", "36": "N", "37": "S", "38": "E", "39": "S", "40": "E", "41": "E", "42": "S", "43": "W", "44": "S", "45": "E", "46": "E", "47": "W", "48": "E", "49": "W", "50": "E", "51": "N", "52": "S", "53": "E", "54": "W", "55": "E", "56": "W", "57": "N", "58": "E", "59": "N", "60": "S", "61": "N", "62": "S", "63": "N", "64": "E", "65": "E", "66": "S", "68": "S", "69": "W", "70": "W", "71": "S", "72": "S", "73": "S", "74": "N", "75": "E", "76": "E", "77": "N", "78": "E", "79": "N", "80": "S", "81": "S", "82": "S", "83": "N", "84": "E", "85": "S", "86": "S", "87": "E", "88": "E", "89": "N", "90": "E", "91": "S", "92": "N", "93": "W", "94": "E", "95": "W", "96": "S", "97": "S", "98": "E", "99": "N", "100": "S", "101": "S", "102": "W", "103": "N", "104": "S", "105": "S", "106": "S", "107": "W", "108": "N", "110": "N", "111": "S", "112": "N", "113": "E", "114": "S", "115": "S", "116": "S", "117": "N", "118": "N", "119": "S", "120": "N", "121": "S", "122": "E", "123": "S", "124": "W", "125": "E", "126": "E", "127": "N", "128": "S", "129": "E", "130": "S", "131": "E", "132": "S", "133": "N", "134": "E", "135": "S", "136": "N", "137": "S", "138": "S", "139": "W", "140": "S", "141": "N", "142": "S", "144": "W", "145": "S", "146": "S", "147": "N", "148": "E", "149": "E", "150": "N", "151": "S", "152": "N", "153": "N", "154": "S", "155": "E", "156": "N", "157": "N", "158": "E", "159": "N"}, {"0": "S", "2": "E", "3": "S", "4": "N", "5": "E", "6": "S", "7": "E", "8": "S", "9": "E", "10": "N", "11": "S", "12": "E", "13": "S", "14": "E", "15": "S", "16": "S", "17": "S", "18": "W", "19": "N", "20": "S", "21": "N", "22": "S", "23": "N", "24": "N", "25": "S", "26": "N", "27": "W", "28": "S", "29": "S", "30": "N", "31": "N", "32": "E", "33": "E", "34": "W", "35": "S", "36": "E", "37": "S", "38": "N", "39": "S", "40": "E", "41": "N", "42": "S", "43": "S", "44": "S", "45": "E", "47": "W", "48": "E", "49": "S", "50": "S", "51": "E", "52": "S", "54": "N", "55": "E", "56": "N", "57": "N", "58": "N", "59": "E", "60": "S", "61": "E", "62": "S", "63": "W", "64": "N", "65": "N", "66": "S", "67": "N", "68": "S", "69": "N", "70": "W", "71": "S", "72": "S", "73": "S", "74": "E", "75": "E", "76": "S", "77": "E", "78": "N", "79": "N", "80": "E", "81": "S", "82": "S", "83": "W", "84": "E", "85": "S", "86": "S", "87": "E", "88": "E", "89": "E", "90": "S", "91": "S", "92": "N", "93": "W", "94": "N", "95": "N", "96": "S", "97": "S", "98": "E", "99": "N", "100": "S", "101": "S", "102": "W", "103": "W", "104": "S", "105": "S", "106": "S", "107": "N", "108": "N", "110": "N", "111": "S", "112": "W", "113": "E", "114": "S", "115": "S", "116": "S", "118": "N", "119": "S", "120": "W", "121": "S", "122": "N", "123": "S", "124": "N", "125": "E", "126": "E", "127": "N", "128": "S", "129": "E", "130": "S", "132": "S", "133": "N", "134": "E", "135": "S", "136": "N", "137": "S", "138": "S", "139": "W", "140": "S", "141": "E", "142": "S", "144": "N", "145": "S", "146": "W", "148": "N", "149": "N", "150": "N", "151": "S", "152": "W", "153": "N", "154": "S", "156": "N", "157": "E", "158": "N", "159": "N"}, {"0": "S", "2": "N", "3": "S", "4": "E", "5": "E", "6": "S", "7": "E", "8": "S", "9": "E", "10": "W", "11": "S", "12": "E", "13": "W", "14": "E", "15": "S", "16": "S", "17": "S", "18": "W", "19": "N", "20": "E", "21": "N", "22": "S", "23": "E", "24": "N", "25": "S", "27": "W", "28": "S", "29": "W", "30": "E", "32": "S", "33": "E", "34": "W", "35": "S", "36": "E", "37": "S", "38": "E", "39": "S", "40": "E", "41": "N", "42": "S", "43": "S", "44": "S", "45": "E", "46": "N", "47": "W", "48": "E", "49": "S", "50": "S", "51": "N", "52": "S", "53": "E", "54": "N", "55": "E", "56": "N", "57": "N", "58": "E", "59": "N", "60": "S", "61": "N", "62": "S", "63": "W", "64": "E", "65": "N", "66": "S", "67": "N", "68": "S", "69": "N", "70": "W", "71": "S", "72": "S", "73": "S", "74": "N", "75": "E", "76": "S", "77": "N", "78": "N", "80": "S", "81": "S", "82": "S", "83": "W", "84": "E", "85": "S", "86": "S", "87": "E", "88": "E", "89": "N", "90": "S", "91": "S", "92": "N", "93": "N", "94": "E", "95": "N", "96": "S", "97": "S", "98": "N", "99": "N", "100": "S", "101": "S", "102": "W", "103": "N", "105": "S", "106": "S", "107": "W", "110": "N", "111": "S", "112": "N", "113": "E", "114": "S", "116": "S", "117": "N", "118": "W", "119": "S", "120": "N", "121": "S", "122": "N", "123": "S", "124": "N", "125": "E", "126": "S", "127": "W", "128": "E", "129": "N", "130": "S", "131": "E", "132": "S", "133": "N", "134": "E", "135": "S", "137": "E", "138": "W", "139": "N", "140": "S", "141": "N", "142": "S", "144": "N", "145": "S", "146": "S", "147": "E", "148": "E", "149": "N", "150": "N", "151": "S", "152": "W", "153": "W", "154": "S", "155": "E", "156": "N", "157": "N", "158": "N", "159": "N"}, {"0": "S", "2": "N", "3": "S", "5": "E", "6": "S", "7": "N", "8": "S", "9": "E", "10": "W", "11": "E", "12": "E", "13": "W", "14": "E", "15": "S", "16": "S", "17": "S", "18": "N", "19": "N", "20": "S", "21": "W", "22": "S", "23": "N", "24": "N", "25": "S", "26": "N", "27": "W", "28": "S", "29": "W", "30": "N", "31": "N", "32": "S", "33": "E", "34": "W", "35": "S", "36": "N", "37": "S", "38": "N", "39": "S", "40": "N", "41": "N", "42": "S", "43": "W", "44": "S", "45": "E", "46": "E", "47": "N", "48": "E", "49": "S", "50": "S", "51": "N", "52": "S", "53": "S", "54": "W", "55": "E", "56": "N", "57": "N", "59": "E", "61": "E", "62": "S", "63": "N", "64": "E", "65": "N", "66": "S", "67": "N", "68": "S", "69": "N", "70": "W", "71": "S", "72": "S", "73": "S", "74": "E", "75": "N", "76": "S", "77": "E", "78": "N", "79": "E", "80": "S", "81": "S", "82": "S", "83": "N", "85": "E", "86": "S", "87": "E", "88": "E", "89": "E", "90": "S", "92": "N", "93": "N", "94": "N", "95": "N", "96": "S", "97": "S", "98": "N", "99": "N", "100": "S", "101": "S", "102": "N", "103": "N", "107": "W", "108": "W", "110": "N", "111": "S", "112": "W", "113": "E", "114": "S", "116": "S", "117": "N", "118": "N", "119": "S", "120": "N", "121": "S", "122": "E", "123": "S", "124": "N", "125": "E", "126": "S", "127": "W", "128": "E", "129": "E", "130": "S", "131": "N", "132": "S", "133": "N", "134": "E", "135": "E", "137": "S", "138": "W", "139": "N", "140": "S", "141": "N", "142": "S", "144": "N", "145": "S", "146": "S", "147": "N", "148": "N", "149": "N", "150": "N", "151": "S", "152": "N", "153": "W", "154": "S", "155": "S", "156": "N", "157": "N", "158": "N", "159": "E"}, {"0": "S", "2": "N", "3": "E", "4": "E", "5": "E", "6": "S", "7": "N", "8": "S", "9": "S", "10": "W", "11": "S", "12": "E", "13": "S", "14": "N", "15": "S", "16": "S", "17": "S", "18": "N", "19": "E", "20": "S", "21": "N", "22": "S", "23": "N", "24": "W", "25": "W", "26": "N", "27": "W", "28": "S", "29": "S", "30": "N", "31": "W", "32": "S", "33": "N", "34": "W", "35": "S", "36": "N", "37": "S", "38": "N", "39": "S", "40": "N", "41": "E", "42": "S", "43": "W", "44": "S", "45": "N", "46": "S", "47": "W", "48": "E", "49": "S", "50": "S", "51": "N", "52": "S", "53": "E", "54": "W", "55": "N", "56": "N", "57": "E", "58": "E", "59": "E", "60": "E", "61": "E", "62": "S", "63": "N", "64": "N", "65": "N", "66": "S", "67": "N", "68": "S", "69": "N", "70": "W", "71": "S", "72": "S", "73": "S", "74": "N", "75": "E", "76": "S", "77": "E", "78": "N", "79": "E", "80": "S", "81": "S", "82": "S", "83": "N", "86": "S", "87": "N", "88": "N", "89": "E", "90": "E", "91": "W", "92": "N", "93": "N", "94": "N", "95": "N", "96": "S", "97": "E", "98": "N", "99": "N", "100": "S", "101": "S", "102": "W", "103": "E", "108": "S", "110": "W", "111": "S", "112": "W", "113": "E", "114": "E", "116": "S", "117": "E", "118": "N", "119": "S", "120": "N", "121": "S", "122": "E", "123": "S", "124": "W", "125": "E", "126": "S", "127": "W", "128": "S", "129": "E", "130": "S", "131": "N", "132": "S", "133": "W", "134": "E", "135": "E", "137": "S", "138": "S", "139": "W", "140": "S", "141": "N", "142": "S", "144": "N", "145": "S", "146": "S", "147": "E", "148": "N", "149": "N", "150": "N", "151": "W", "152": "W", "153": "W", "154": "S", "155": "S", "156": "N", "157": "N", "158": "N", "159": "E"}, {"0": "S", "2": "N", "3": "S", "4": "E", "5": "E", "6": "S", "7": "N", "8": "S", "9": "S", "10": "N", "11": "S", "13": "S", "14": "N", "15": "S", "17": "E", "18": "W", "20": "S", "21": "N", "22": "S", "23": "N", "24": "N", "25": "S", "26": "N", "27": "W", "28": "S", "29": "S", "30": "N", "31": "W", "32": "S", "33": "N", "34": "W", "35": "S", "36": "N", "37": "S", "38": "N", "39": "S", "40": "N", "41": "E", "42": "S", "43": "W", "44": "S", "45": "E", "46": "S", "47": "N", "48": "E", "49": "S", "50": "S", "51": "N", "52": "E", "53": "S", "54": "W", "55": "E", "56": "N", "57": "S", "58": "S", "59": "N", "60": "S", "61": "S", "62": "S", "63": "N", "64": "E", "65": "N", "66": "S", "67": "N", "68": "W", "69": "W", "70": "W", "71": "S", "72": "S", "73": "S", "74": "N", "75": "E", "76": "E", "77": "S", "78": "N", "79": "E", "80": "S", "81": "S", "82": "S", "83": "N", "85": "N", "86": "S", "87": "N", "88": "N", "89": "N", "90": "E", "91": "S", "92": "N", "93": "N", "94": "N", "95": "W", "96": "S", "97": "E", "98": "E", "99": "N", "100": "S", "101": "E", "102": "W", "103": "N", "108": "S", "111": "S", "112": "N", "113": "E", "116": "S", "117": "N", "118": "N", "119": "S", "120": "N", "121": "S", "122": "N", "123": "S", "124": "N", "125": "N", "126": "S", "127": "N", "128": "S", "129": "E", "130": "S", "131": "N", "132": "S", "133": "N", "134": "E", "135": "S", "137": "S", "138": "W", "139": "N", "140": "S", "141": "N", "142": "S", "143": "S", "144": "W", "145": "S", "146": "S", "147": "N", "148": "N", "149": "N", "150": "E", "151": "S", "152": "W", "153": "W", "154": "S", "155": "E", "156": "N", "157": "N", "158": "N", "159": "N"}, {"0": "S", "2": "N", "3": "S", "4": "N", "6": "S", "7": "N", "8": "S", "9": "E", "10": "W", "11": "E", "12": "E", "13": "S", "14": "N", "15": "S", "17": "S", "18": "N", "20": "S", "21": "W", "22": "S", "23": "E", "24": "N", "25": "S", "26": "W", "27": "W", "28": "S", "29": "W", "30": "N", "31": "N", "32": "S", "33": "N", "35": "S", "36": "E", "37": "S", "38": "E", "39": "S", "40": "N", "41": "E", "42": "S", "43": "W", "44": "S", "45": "E", "46": "E", "47": "N", "48": "E", "49": "S", "50": "S", "51": "E", "52": "E", "53": "S", "54": "W", "55": "E", "56": "N", "57": "E", "58": "S", "59": "W", "60": "S", "61": "E", "63": "N", "64": "N", "66": "W", "67": "N", "68": "W", "69": "N", "70": "W", "71": "S", "72": "E", "73": "S", "74": "N", "75": "E", "76": "E", "77": "S", "78": "N", "79": "N", "80": "S", "81": "S", "82": "S", "83": "N", "85": "N", "86": "S", "87": "E", "88": "E", "89": "E", "90": "E", "91": "S", "92": "W", "93": "N", "94": "N", "95": "N", "96": "S", "97": "E", "98": "N", "100": "S", "101": "E", "102": "W", "103": "N", "108": "W", "110": "W", "111": "E", "112": "W", "113": "E", "114": "E", "116": "S", "117": "N", "118": "W", "119": "S", "120": "W", "121": "W", "123": "S", "124": "N", "125": "E", "126": "E", "128": "S", "129": "N", "130": "W", "131": "N", "132": "S", "133": "W", "134": "E", "135": "E", "137": "E", "138": "W", "139": "W", "140": "S", "141": "N", "142": "S", "143": "E", "144": "W", "145": "S", "146": "S", "147": "E", "148": "E", "149": "W", "150": "E", "151": "W", "152": "N", "153": "N", "154": "S", "155": "E", "156": "E", "157": "W", "158": "E", "159": "N"}, {"0": "S", "2": "N", "3": "E", "4": "E", "6": "E", "7": "N", "8": "S", "9": "E", "10": "N", "11": "S", "13": "S", "14": "N", "15": "S", "17": "S", "18": "N", "20": "S", "21": "W", "22": "E", "23": "E", "24": "N", "25": "S", "26": "N", "27": "S", "28": "S", "29": "S", "30": "N", "31": "N", "32": "S", "33": "N", "34": "N", "35": "S", "36": "E", "37": "S", "38": "E", "39": "S", "40": "N", "41": "E", "42": "S", "43": "S", "44": "S", "45": "E", "46": "E", "47": "N", "48": "E", "49": "S", "50": "E", "51": "N", "52": "S", "53": "S", "54": "W", "55": "E", "56": "N", "57": "E", "58": "S", "59": "N", "60": "S", "61": "E", "63": "N", "64": "N", "65": "E", "66": "W", "67": "W", "68": "W", "69": "W", "71": "W", "72": "E", "73": "S", "74": "N", "75": "N", "76": "E", "77": "E", "79": "E", "80": "S", "81": "S", "82": "E", "83": "N", "85": "E", "86": "S", "87": "N", "88": "N", "89": "E", "90": "S", "91": "S", "92": "W", "93": "W", "94": "N", "95": "W", "96": "S", "98": "W", "99": "N", "100": "S", "101": "E", "102": "N", "103": "N", "106": "S", "108": "W", "110": "N", "111": "E", "112": "N", "113": "E", "114": "E", "116": "S", "117": "N", "118": "N", "119": "W", "120": "N", "121": "W", "122": "N", "123": "S", "124": "N", "125": "E", "126": "S", "127": "W", "128": "S", "129": "E", "130": "W", "131": "N", "132": "S", "133": "N", "135": "S", "137": "E", "138": "W", "139": "W", "140": "S", "142": "S", "143": "N", "144": "N", "145": "S", "146": "S", "147": "S", "148": "E", "149": "N", "150": "E", "151": "N", "152": "W", "153": "W", "154": "S", "155": "E", "156": "E", "157": "W", "158": "E", "159": "W"}, {"0": "S", "2": "N", "3": "S", "4": "N", "6": "S", "7": "N", "8": "S", "9": "N", "10": "W", "11": "S", "12": "N", "13": "S", "14": "N", "15": "S", "17": "S", "18": "W", "20": "S", "21": "N", "22": "S", "23": "N", "24": "N", "25": "S", "26": "W", "27": "E", "28": "S", "29": "S", "30": "E", "31": "E", "32": "S", "33": "N", "34": "E", "35": "S", "36": "E", "37": "S", "38": "N", "39": "S", "40": "E", "41": "E", "42": "E", "43": "W", "44": "S", "45": "N", "46": "E", "47": "N", "48": "N", "49": "W", "50": "S", "51": "N", "52": "S", "53": "S", "54": "N", "55": "E", "56": "E", "57": "S", "58": "S", "59": "W", "60": "E", "61": "S", "63": "W", "64": "N", "66": "W", "67": "N", "68": "N", "69": "W", "70": "N", "71": "S", "72": "E", "73": "S", "74": "N", "75": "N", "76": "E", "77": "S", "79": "N", "80": "E", "81": "S", "82": "S", "83": "W", "85": "E", "86": "S", "87": "N", "88": "N", "89": "E", "90": "S", "91": "W", "92": "N", "93": "N", "94": "E", "95": "W", "96": "S", "98": "W", "100": "S", "101": "E", "102": "N", "103": "N", "106": "S", "108": "W", "109": "N", "110": "N", "111": "E", "112": "N", "113": "N", "114": "S", "116": "S", "117": "N", "118": "E", "119": "S", "120": "W", "121": "W", "122": "E", "123": "E", "124": "W", "125": "N", "126": "S", "127": "N", "128": "S", "129": "E", "130": "W", "131": "E", "132": "S", "133": "W", "134": "N", "135": "S", "137": "S", "138": "S", "139": "N", "140": "S", "141": "N", "142": "E", "144": "N", "145": "S", "146": "S", "147": "S", "148": "N", "149": "N", "150": "N", "152": "N", "153": "W", "154": "S", "155": "N", "156": "N", "157": "W", "158": "N", "159": "N"}, {"0": "E", "2": "N", "3": "E", "4": "E", "6": "E", "7": "N", "8": "S", "9": "E", "10": "W", "11": "S", "12": "N", "13": "S", "14": "N", "15": "S", "17": "S", "18": "N", "20": "S", "21": "W", "22": "S", "23": "N", "24": "N", "25": "S", "26": "N", "27": "E", "28": "S", "29": "S", "30": "N", "31": "E", "32": "S", "33": "N", "34": "N", "35": "S", "36": "N", "37": "S", "38": "N", "39": "S", "40": "N", "41": "E", "42": "E", "43": "N", "44": "S", "45": "N", "46": "E", "47": "N", "48": "N", "49": "S", "50": "E", "51": "E", "52": "S", "53": "E", "54": "E", "55": "N", "56": "N", "57": "S", "58": "S", "59": "N", "60": "E", "61": "E", "63": "W", "64": "E", "65": "N", "66": "W", "67": "N", "68": "N", "69": "W", "70": "W", "71": "S", "72": "N", "73": "S", "74": "E", "75": "N", "76": "E", "77": "E", "79": "N", "80": "S", "81": "S", "82": "S", "83": "N", "85": "E", "86": "S", "87": "N", "88": "N", "90": "S", "91": "S", "92": "E", "93": "E", "94": "N", "95": "N", "96": "S", "98": "N", "100": "S", "101": "E", "102": "N", "103": "N", "106": "S", "108": "W", "109": "E", "110": "N", "111": "E", "112": "N", "113": "N", "114": "S", "116": "S", "117": "N", "118": "E", "119": "S", "120": "N", "121": "W", "122": "N", "123": "S", "124": "W", "125": "N", "126": "S", "127": "N", "128": "E", "129": "E", "130": "S", "131": "N", "132": "S", "133": "N", "134": "N", "135": "S", "137": "S", "138": "W", "139": "W", "140": "S", "141": "N", "142": "S", "143": "S", "144": "N", "145": "S", "146": "S", "147": "S", "148": "N", "149": "N", "151": "E", "152": "N", "153": "W", "154": "S", "156": "N", "157": "N", "158": "N", "159": "N"}, {"0": "S", "2": "W", "3": "S", "4": "N", "6": "S", "7": "N", "8": "S", "9": "N", "10": "N", "11": "S", "12": "N", "13": "S", "14": "N", "15": "S", "17": "S", "18": "N", "20": "E", "22": "E", "23": "N", "24": "W", "25": "S", "27": "E", "28": "S", "29": "S", "30": "N", "31": "E", "32": "S", "33": "W", "34": "E", "35": "E", "36": "E", "37": "S", "38": "N", "39": "S", "40": "E", "41": "N", "42": "E", "44": "S", "45": "N", "46": "E", "47": "N", "48": "E", "49": "S", "50": "N", "51": "N", "52": "S", "53": "E", "54": "N", "55": "N", "56": "E", "57": "S", "58": "E", "59": "W", "60": "S", "61": "S", "63": "W", "64": "E", "66": "N", "67": "N", "68": "N", "71": "W", "72": "E", "73": "S", "74": "E", "75": "E", "76": "E", "77": "E", "79": "N", "80": "S", "81": "S", "82": "S", "83": "N", "85": "E", "86": "W", "87": "N", "88": "N", "90": "E", "91": "S", "92": "N", "93": "E", "94": "E", "95": "N", "96": "W", "98": "E", "100": "S", "101": "E", "102": "N", "103": "E", "105": "S", "108": "W", "109": "E", "110": "E", "111": "E", "112": "N", "113": "N", "114": "S", "116": "S", "117": "E", "118": "E", "119": "S", "120": "N", "121": "N", "122": "E", "123": "S", "124": "W", "125": "N", "126": "S", "127": "E", "128": "E", "129": "E", "130": "S", "131": "E", "132": "S", "133": "N", "134": "N", "135": "S", "137": "S", "138": "W", "139": "W", "140": "S", "142": "S", "143": "W", "144": "W", "145": "S", "146": "S", "147": "S", "148": "N", "149": "N", "150": "E", "152": "N", "153": "W", "155": "E", "156": "N", "157": "N", "158": "N", "159": "N"}, {"0": "S", "2": "N", "3": "E", "4": "E", "6": "S", "7": "E", "8": "W", "9": "N", "10": "N", "11": "S", "12": "N", "13": "S", "14": "N", "15": "E", "17": "S", "18": "E", "22": "E", "23": "N", "24": "W", "25": "S", "26": "E", "27": "E", "28": "S", "30": "N", "31": "N", "32": "S", "33": "N", "34": "N", "35": "E", "36": "N", "37": "S", "38": "N", "39": "S", "40": "N", "42": "S", "44": "S", "45": "E", "46": "S", "47": "E", "48": "E", "49": "S", "50": "E", "51": "N", "52": "S", "53": "E", "54": "E", "55": "E", "56": "E", "57": "S", "58": "E", "59": "N", "60": "S", "61": "S", "62": "W", "63": "W", "64": "N", "65": "E", "66": "N", "67": "N", "68": "N", "69": "W", "70": "N", "71": "N", "72": "N", "73": "S", "74": "N", "75": "N", "76": "S", "77": "S", "79": "N", "80": "E", "81": "E", "82": "S", "83": "N", "84": "N", "85": "E", "86": "S", "87": "E", "88": "E", "90": "S", "91": "S", "92": "E", "93": "E", "94": "N", "95": "N", "96": "S", "98": "E", "101": "E", "102": "N", "103": "E", "105": "E", "106": "E", "108": "S", "110": "E", "111": "S", "112": "N", "113": "E", "114": "S", "116": "S", "118": "E", "119": "S", "120": "N", "121": "N", "122": "N", "123": "S", "124": "W", "125": "E", "126": "S", "127": "N", "128": "S", "129": "N", "130": "S", "131": "N", "132": "S", "133": "N", "134": "E", "135": "S", "137": "S", "138": "W", "139": "S", "140": "S", "141": "E", "142": "S", "143": "S", "144": "W", "145": "S", "146": "S", "147": "S", "148": "N", "149": "E", "150": "E", "152": "N", "153": "N", "155": "E", "156": "N", "157": "E", "158": "N", "159": "N"}, {"0": "S", "2": "W", "3": "N", "4": "N", "6": "S", "8": "S", "9": "N", "11": "S", "13": "S", "14": "N", "15": "E", "17": "S", "18": "E", "22": "E", "23": "N", "24": "W", "25": "S", "26": "N", "27": "E", "28": "S", "30": "N", "31": "N", "32": "S", "33": "W", "34": "N", "35": "E", "36": "N", "37": "S", "38": "N", "39": "S", "40": "N", "41": "N", "42": "S", "44": "S", "46": "S", "47": "E", "48": "N", "49": "S", "50": "E", "51": "N", "52": "S", "53": "S", "54": "N", "55": "N", "56": "E", "57": "E", "58": "S", "59": "W", "60": "S", "61": "E", "62": "N", "63": "N", "64": "E", "66": "N", "67": "W", "68": "E", "69": "N", "70": "N", "71": "W", "72": "N", "73": "S", "74": "N", "75": "E", "76": "S", "77": "S", "79": "E", "80": "E", "81": "E", "82": "S", "83": "N", "84": "E", "86": "S", "87": "N", "88": "N", "90": "S", "91": "W", "92": "N", "93": "E", "94": "N", "96": "S", "98": "N", "101": "S", "102": "W", "103": "N", "105": "N", "108": "S", "109": "S", "110": "E", "111": "E", "112": "N", "113": "N", "114": "S", "116": "S", "117": "N", "118": "S", "119": "W", "120": "N", "121": "N", "122": "N", "123": "S", "124": "W", "125": "N", "126": "S", "127": "E", "128": "S", "129": "N", "130": "S", "131": "N", "132": "S", "133": "N", "134": "N", "135": "S", "137": "S", "139": "S", "140": "E", "142": "S", "143": "E", "144": "W", "145": "S", "146": "S", "147": "S", "148": "N", "149": "E", "150": "E", "152": "W", "153": "N", "154": "S", "155": "S", "156": "N", "157": "E", "158": "N", "159": "N"}, {"0": "S", "2": "W", "3": "N", "4": "E", "6": "S", "8": "S", "9": "N", "10": "N", "11": "S", "12": "N", "13": "S", "14": "N", "15": "E", "17": "S", "18": "E", "22": "S", "23": "W", "24": "W", "25": "S", "26": "E", "27": "E", "28": "S", "30": "N", "31": "N", "32": "S", "34": "N", "35": "E", "36": "E", "37": "E", "38": "W", "39": "S", "40": "E", "41": "N", "42": "E", "44": "S", "46": "S", "47": "E", "48": "N", "49": "S", "51": "N", "52": "S", "53": "S", "54": "N", "55": "N", "56": "N", "57": "E", "58": "S", "59": "W", "60": "S", "61": "S", "62": "E", "63": "W", "64": "N", "65": "E", "66": "N", "67": "W", "68": "N", "69": "N", "70": "W", "71": "N", "72": "N", "73": "S", "75": "N", "76": "S", "77": "S", "79": "N", "80": "E", "81": "E", "82": "S", "83": "N", "84": "S", "86": "S", "87": "E", "88": "N", "90": "S", "91": "S", "92": "N", "93": "E", "94": "E", "96": "S", "98": "W", "101": "S", "102": "N", "103": "E", "105": "W", "106": "N", "108": "S", "109": "W", "110": "N", "111": "E", "112": "N", "113": "E", "114": "S", "116": "E", "117": "N", "118": "S", "119": "W", "120": "E", "121": "N", "122": "N", "123": "S", "124": "W", "125": "N", "126": "S", "127": "N", "128": "S", "129": "N", "130": "S", "131": "E", "132": "S", "134": "N", "135": "S", "138": "S", "139": "W", "140": "E", "141": "E", "142": "S", "143": "N", "144": "W", "145": "S", "146": "W", "147": "S", "148": "E", "149": "E", "150": "E", "153": "W", "154": "W", "155": "S", "156": "N", "157": "E", "158": "E", "159": "N"}, {"0": "E", "2": "S", "3": "N", "4": "E", "6": "S", "8": "W", "9": "E", "10": "N", "11": "S", "12": "N", "13": "S", "15": "E", "17": "S", "18": "E", "22": "S", "23": "N", "24": "N", "25": "S", "27": "E", "30": "N", "31": "N", "32": "E", "33": "N", "34": "N", "35": "E", "36": "N", "38": "N", "39": "S", "40": "E", "41": "N", "42": "N", "44": "S", "46": "E", "47": "N", "48": "N", "49": "S", "51": "N", "52": "S", "53": "S", "54": "N", "55": "N", "56": "E", "57": "S", "58": "S", "59": "W", "60": "S", "61": "S", "62": "S", "63": "W", "64": "N", "65": "N", "66": "W", "67": "N", "68": "E", "69": "E", "70": "N", "71": "W", "72": "E", "73": "S", "76": "S", "77": "E", "79": "N", "80": "E", "81": "E", "82": "S", "83": "W", "84": "S", "86": "S", "87": "E", "88": "N", "90": "S", "91": "S", "92": "N", "93": "E", "94": "N", "96": "S", "98": "W", "101": "E", "102": "W", "103": "N", "106": "N", "108": "S", "109": "W", "110": "E", "111": "E", "112": "N", "113": "E", "114": "N", "116": "E", "117": "E", "118": "S", "119": "S", "120": "E", "122": "N", "123": "S", "125": "N", "126": "E", "127": "E", "128": "S", "129": "N", "130": "S", "131": "N", "132": "S", "133": "N", "134": "N", "135": "S", "138": "E", "140": "S", "142": "N", "143": "N", "144": "N", "145": "S", "146": "W", "147": "E", "148": "N", "149": "E", "150": "E", "153": "N", "154": "N", "155": "S", "156": "W", "157": "N", "158": "N", "159": "N"}, {"0": "E", "2": "S", "3": "N", "6": "E", "8": "W", "9": "N", "11": "S", "12": "N", "13": "S", "15": "S", "17": "E", "18": "E", "22": "E", "23": "W", "24": "N", "25": "W", "27": "E", "30": "N", "31": "W", "32": "E", "33": "N", "34": "E", "35": "E", "36": "N", "37": "N", "38": "W", "39": "S", "40": "E", "41": "N", "42": "N", "44": "S", "46": "S", "47": "W", "48": "N", "49": "S", "50": "S", "52": "E", "53": "S", "54": "W", "55": "W", "56": "N", "57": "S", "58": "E", "59": "N", "60": "S", "61": "S", "63": "N", "64": "E", "65": "N", "66": "W", "67": "W", "68": "E", "69": "N", "70": "N", "71": "W", "72": "N", "73": "S", "76": "E", "77": "S", "79": "N", "80": "E", "81": "E", "82": "S", "83": "W", "84": "W", "86": "S", "87": "N", "88": "E", "90": "S", "91": "S", "92": "N", "93": "E", "94": "N", "96": "S", "97": "S", "98": "N", "101": "S", "103": "N", "106": "N", "108": "S", "110": "E", "111": "E", "112": "W", "113": "N", "116": "S", "117": "N", "118": "E", "121": "N", "123": "S", "125": "N", "126": "E", "127": "E", "128": "E", "129": "N", "130": "S", "131": "N", "133": "N", "134": "E", "135": "S", "138": "N", "139": "N", "140": "E", "141": "E", "142": "S", "143": "W", "144": "E", "145": "S", "146": "W", "147": "E", "148": "N", "149": "E", "150": "E", "153": "W", "155": "S", "156": "N", "157": "E", "158": "N", "159": "W"}, {"0": "E", "2": "E", "3": "N", "4": "S", "6": "S", "9": "N", "10": "N", "11": "S", "15": "S", "17": "E", "18": "E", "22": "S", "23": "W", "24": "E", "25": "S", "27": "E", "30": "N", "31": "N", "32": "E", "33": "N", "35": "E", "36": "N", "37": "E", "38": "N", "39": "E", "40": "N", "41": "N", "42": "E", "44": "E", "47": "N", "48": "N", "49": "S", "50": "W", "52": "S", "53": "S", "54": "N", "56": "N", "57": "S", "58": "E", "59": "W", "60": "E", "61": "S", "63": "W", "64": "E", "65": "N", "66": "W", "67": "S", "68": "E", "69": "N", "70": "N", "71": "N", "72": "N", "73": "W", "76": "S", "77": "S", "79": "E", "80": "S", "81": "E", "82": "S", "83": "W", "84": "N", "86": "S", "87": "N", "88": "N", "90": "S", "91": "S", "92": "N", "93": "E", "94": "N", "96": "S", "97": "E", "98": "E", "101": "S", "102": "N", "103": "N", "104": "S", "106": "W", "108": "W", "110": "E", "111": "S", "113": "N", "114": "W", "116": "S", "117": "N", "118": "E", "121": "N", "123": "S", "125": "N", "126": "E", "127": "E", "128": "S", "129": "N", "130": "S", "131": "N", "133": "N", "134": "N", "135": "S", "138": "N", "140": "E", "141": "E", "142": "E", "144": "N", "145": "S", "146": "W", "147": "E", "148": "E", "149": "E", "150": "E", "153": "N", "154": "E", "155": "S", "156": "W", "157": "S", "158": "N", "159": "N"}, {"0": "N", "2": "E", "3": "N", "4": "S", "9": "N", "10": "N", "11": "S", "12": "W", "13": "S", "15": "E", "16": "N", "17": "N", "18": "E", "22": "S", "23": "W", "24": "E", "25": "S", "27": "E", "30": "W", "31": "N", "32": "E", "33": "N", "35": "E", "36": "N", "37": "E", "38": "N", "40": "N", "41": "N", "44": "S", "48": "N", "49": "S", "50": "N", "52": "S", "53": "S", "54": "N", "55": "S", "56": "E", "57": "S", "58": "E", "59": "W", "60": "S", "61": "E", "63": "W", "64": "E", "65": "E", "66": "S", "67": "W", "68": "E", "69": "E", "70": "N", "71": "W", "72": "N", "73": "S", "76": "S", "77": "E", "79": "N", "80": "S", "81": "S", "82": "S", "83": "W", "86": "S", "87": "N", "88": "N", "90": "E", "91": "S", "92": "N", "93": "E", "94": "N", "96": "S", "97": "N", "98": "E", "101": "S", "102": "N", "103": "N", "104": "E", "108": "W", "110": "E", "113": "N", "114": "W", "116": "S", "117": "N", "118": "E", "121": "W", "123": "S", "125": "N", "126": "E", "128": "E", "129": "N", "130": "S", "131": "N", "133": "E", "134": "N", "135": "S", "138": "E", "140": "E", "141": "E", "144": "N", "145": "S", "147": "E", "149": "E", "150": "E", "153": "E", "155": "S", "156": "N", "157": "E", "158": "E", "159": "N"}, {"0": "E", "4": "S", "9": "N", "10": "N", "11": "S", "12": "W", "13": "W", "16": "W", "17": "E", "18": "S", "22": "E", "23": "S", "24": "N", "25": "S", "27": "E", "31": "W", "33": "N", "35": "E", "36": "N", "37": "S", "38": "N", "40": "N", "42": "N", "44": "S", "48": "N", "49": "S", "52": "E", "53": "S", "54": "N", "57": "E", "58": "E", "59": "N", "60": "S", "61": "E", "63": "S", "64": "N", "65": "E", "66": "S", "67": "W", "68": "E", "69": "N", "70": "N", "71": "S", "72": "N", "73": "W", "76": "S", "77": "E", "79": "E", "80": "S", "81": "S", "82": "S", "84": "S", "86": "W", "87": "N", "88": "N", "90": "S", "91": "S", "92": "E", "93": "E", "94": "N", "96": "S", "97": "W", "98": "E", "101": "S", "102": "N", "103": "E", "104": "N", "110": "E", "113": "E", "114": "S", "116": "E", "117": "N", "118": "E", "120": "S", "121": "S", "123": "N", "125": "N", "126": "E", "128": "E", "129": "N", "130": "S", "131": "N", "133": "N", "134": "N", "135": "S", "138": "N", "140": "E", "141": "N", "144": "N", "145": "S", "147": "E", "149": "E", "150": "E", "153": "E", "155": "S", "156": "N", "157": "E", "158": "N", "159": "N"}, {"0": "N", "3": "W", "4": "E", "9": "N", "10": "N", "11": "S", "12": "W", "13": "N", "16": "S", "18": "S", "22": "S", "24": "E", "25": "S", "27": "E", "31": "W", "33": "N", "35": "E", "36": "N", "37": "S", "38": "N", "40": "W", "41": "W", "42": "E", "43": "E", "47": "S", "48": "N", "50": "E", "52": "E", "53": "S", "54": "N", "56": "E", "57": "S", "58": "E", "59": "N", "60": "E", "61": "E", "63": "W", "64": "N", "65": "E", "66": "S", "67": "W", "68": "E", "69": "N", "70": "N", "71": "W", "72": "N", "73": "S", "76": "E", "77": "E", "79": "E", "81": "S", "82": "E", "84": "S", "86": "W", "87": "E", "88": "N", "90": "S", "91": "S", "92": "E", "93": "N", "94": "N", "96": "E", "98": "E", "100": "N", "101": "E", "102": "N", "104": "W", "110": "E", "113": "E", "114": "S", "116": "E", "118": "E", "120": "W", "121": "W", "125": "E", "126": "N", "128": "E", "129": "N", "131": "N", "133": "N", "134": "E", "135": "E", "138": "W", "140": "E", "141": "E", "147": "E", "149": "E", "150": "E", "155": "E", "156": "N", "157": "E", "158": "N", "159": "W"}, {"0": "E", "3": "S", "4": "S", "9": "N", "10": "W", "11": "S", "12": "W", "13": "W", "16": "E", "17": "E", "22": "S", "23": "W", "24": "E", "25": "W", "27": "N", "31": "W", "33": "W", "35": "E", "36": "N", "37": "E", "38": "N", "40": "W", "42": "S", "43": "N", "44": "W", "47": "S", "48": "N", "53": "S", "54": "W", "56": "E", "57": "E", "58": "E", "59": "N", "60": "S", "61": "S", "63": "N", "64": "N", "65": "E", "66": "S", "67": "W", "68": "S", "69": "N", "70": "W", "71": "W", "72": "N", "73": "S", "76": "S", "77": "S", "80": "N", "81": "S", "82": "E", "84": "S", "87": "N", "88": "N", "90": "S", "91": "S", "92": "N", "93": "E", "94": "E", "96": "S", "100": "W", "101": "E", "102": "N", "103": "S", "110": "E", "113": "E", "114": "E", "116": "E", "118": "E", "120": "N", "121": "S", "123": "E", "125": "E", "126": "N", "129": "N", "131": "N", "134": "N", "135": "E", "138": "W", "140": "E", "141": "E", "149": "E", "150": "E", "155": "E", "156": "N", "157": "E", "158": "N", "159": "N"}, {"0": "E", "3": "N", "9": "N", "10": "W", "11": "E", "12": "W", "13": "N", "17": "E", "23": "W", "24": "E", "25": "S", "27": "N", "31": "N", "33": "N", "35": "E", "36": "N", "37": "E", "38": "N", "40": "W", "41": "W", "42": "E", "44": "W", "47": "S", "48": "N", "53": "E", "54": "W", "56": "E", "57": "E", "58": "E", "59": "N", "60": "E", "61": "S", "63": "N", "64": "N", "65": "E", "66": "W", "67": "N", "68": "E", "69": "N", "70": "N", "72": "N", "73": "W", "76": "E", "77": "S", "80": "N", "82": "E", "84": "S", "87": "N", "88": "N", "90": "S", "91": "S", "93": "E", "94": "E", "96": "S", "98": "N", "101": "E", "102": "N", "110": "E", "113": "N", "114": "E", "116": "S", "118": "E", "120": "E", "121": "S", "123": "S", "125": "N", "126": "E", "129": "E", "131": "N", "134": "E", "135": "E", "140": "E", "141": "E", "147": "E", "149": "E", "150": "E", "156": "N", "157": "E", "158": "N", "159": "N"}, {"0": "E", "3": "S", "9": "N", "10": "S", "11": "S", "12": "N", "13": "E", "17": "N", "23": "W", "24": "E", "25": "S", "27": "N", "31": "N", "33": "N", "35": "E", "37": "S", "38": "N", "40": "W", "41": "S", "42": "W", "43": "W", "44": "W", "47": "S", "48": "N", "53": "E", "54": "N", "56": "E", "57": "E", "58": "E", "59": "N", "60": "E", "61": "E", "63": "N", "64": "N", "65": "E", "66": "N", "67": "W", "68": "E", "69": "N", "70": "N", "72": "E", "76": "E", "80": "E", "84": "W", "87": "N", "88": "W", "90": "S", "91": "S", "93": "S", "94": "N", "96": "S", "98": "N", "100": "S", "101": "E", "102": "N", "104": "N", "110": "E", "113": "E", "116": "E", "118": "S", "125": "N", "129": "E", "130": "S", "131": "N", "134": "E", "135": "E", "138": "S", "139": "N", "140": "E", "141": "E", "147": "E", "149": "E", "150": "E", "156": "N", "158": "N", "159": "N"}, {"0": "N", "3": "S", "9": "N", "10": "S", "11": "S", "12": "N", "13": "E", "17": "N", "23": "N", "24": "N", "25": "S", "27": "N", "31": "N", "33": "N", "35": "E", "37": "E", "38": "N", "40": "W", "41": "S", "42": "S", "43": "W", "44": "N", "47": "W", "48": "E", "53": "S", "54": "W", "56": "E", "57": "E", "58": "E", "59": "N", "60": "N", "61": "S", "63": "N", "64": "N", "65": "E", "66": "N", "67": "N", "68": "E", "69": "E", "70": "N", "72": "N", "76": "E", "80": "S", "84": "W", "87": "N", "88": "N", "90": "E", "91": "E", "93": "S", "94": "N", "96": "S", "98": "E", "100": "E", "101": "N", "102": "N", "104": "W", "110": "E", "113": "E", "116": "E", "118": "E", "121": "S", "125": "E", "129": "N", "130": "W", "131": "N", "134": "E", "135": "E", "139": "W", "140": "S", "141": "E", "147": "S", "149": "E", "150": "S", "156": "N", "158": "N", "159": "N"}, {"0": "N", "9": "E", "10": "W", "11": "E", "12": "N", "13": "S", "17": "E", "24": "E", "25": "S", "27": "N", "31": "N", "33": "N", "35": "S", "37": "E", "38": "E", "40": "N", "41": "S", "42": "S", "43": "S", "44": "N", "45": "S", "47": "W", "48": "E", "53": "E", "54": "N", "56": "E", "57": "E", "58": "S", "59": "W", "61": "S", "63": "E", "64": "N", "65": "E", "66": "N", "67": "S", "68": "E", "69": "E", "70": "W", "72": "N", "76": "S", "80": "S", "84": "W", "87": "N", "88": "N", "90": "E", "91": "E", "93": "E", "94": "N", "96": "S", "98": "E", "101": "N", "102": "N", "104": "S", "110": "E", "113": "E", "116": "E", "118": "E", "121": "S", "125": "N", "129": "N", "130": "N", "131": "N", "134": "N", "135": "E", "138": "S", "139": "S", "140": "S", "141": "E", "149": "E", "150": "S", "153": "E", "156": "E", "158": "N", "159": "N"}, {"0": "E", "9": "N", "10": "W", "11": "S", "12": "N", "17": "E", "23": "W", "24": "E", "25": "S", "27": "N", "31": "N", "33": "N", "35": "E", "37": "E", "38": "S", "40": "N", "41": "S", "42": "S", "43": "E", "44": "N", "45": "E", "47": "N", "48": "N", "53": "S", "54": "N", "56": "E", "57": "E", "58": "W", "60": "E", "61": "S", "63": "E", "64": "N", "65": "N", "66": "N", "68": "S", "69": "E", "70": "W", "72": "E", "76": "S", "84": "N", "87": "N", "88": "N", "91": "N", "93": "E", "94": "N", "98": "N", "101": "N", "102": "E", "104": "E", "110": "E", "113": "E", "116": "E", "118": "E", "121": "S", "129": "E", "130": "E", "131": "W", "134": "N", "135": "S", "139": "E", "140": "E", "141": "E", "147": "S", "149": "E", "150": "S", "156": "N", "158": "N", "159": "N"}, {"9": "E", "10": "W", "11": "S", "12": "E", "17": "E", "23": "N", "24": "N", "25": "S", "27": "N", "31": "N", "33": "N", "35": "E", "37": "E", "38": "W", "40": "N", "42": "S", "44": "N", "45": "S", "47": "N", "48": "E", "50": "N", "53": "E", "54": "N", "56": "E", "57": "E", "58": "S", "59": "N", "60": "E", "61": "S", "63": "E", "64": "E", "65": "E", "66": "W", "67": "S", "68": "S", "69": "N", "70": "N", "76": "E", "84": "N", "87": "N", "88": "N", "93": "E", "94": "N", "97": "N", "98": "E", "101": "N", "102": "N", "103": "N", "110": "S", "113": "E", "116": "E", "118": "S", "121": "W", "125": "W", "129": "N", "131": "W", "134": "N", "141": "E", "147": "S", "149": "E", "150": "S", "153": "W", "156": "W", "158": "W", "159": "W"}, {"4": "N", "9": "N", "11": "E", "12": "N", "17": "E", "23": "N", "24": "N", "25": "W", "27": "N", "31": "W", "35": "S", "37": "E", "40": "N", "41": "W", "42": "W", "44": "N", "45": "E", "47": "N", "50": "W", "53": "E", "56": "E", "57": "E", "58": "W", "59": "E", "60": "N", "61": "E", "63": "E", "65": "E", "68": "S", "69": "N", "70": "N", "76": "E", "84": "E", "87": "N", "88": "N", "93": "E", "94": "N", "97": "W", "98": "E", "101": "E", "102": "N", "110": "E", "113": "N", "116": "S", "118": "S", "121": "S", "125": "N", "129": "N", "131": "W", "134": "N", "141": "E", "147": "S", "149": "N", "150": "E", "156": "N", "158": "W", "159": "W"}, {"4": "E", "9": "E", "11": "S", "12": "N", "17": "E", "23": "N", "24": "N", "27": "N", "31": "N", "33": "N", "35": "S", "37": "E", "40": "N", "41": "W", "42": "W", "44": "N", "45": "N", "47": "N", "50": "S", "53": "E", "54": "N", "56": "E", "57": "E", "58": "W", "59": "N", "61": "E", "63": "N", "65": "E", "68": "W", "69": "N", "70": "E", "76": "E", "84": "N", "87": "N", "93": "S", "94": "N", "97": "S", "101": "E", "102": "N", "103": "N", "110": "E", "113": "E", "116": "E", "117": "N", "118": "S", "121": "E", "125": "N", "129": "N", "131": "N", "134": "N", "141": "E", "147": "W", "149": "E", "150": "E", "156": "N", "158": "W", "159": "W"}, {"4": "S", "6": "N", "9": "N", "12": "W", "17": "E", "23": "N", "24": "E", "27": "W", "31": "W", "33": "W", "35": "E", "37": "E", "40": "W", "41": "N", "42": "N", "44": "N", "45": "N", "47": "N", "50": "E", "53": "S", "54": "N", "56": "E", "57": "E", "58": "W", "59": "E", "63": "N", "65": "E", "68": "W", "69": "N", "70": "N", "84": "N", "87": "N", "93": "S", "94": "N", "97": "E", "101": "E", "102": "E", "103": "W", "110": "E", "113": "E", "116": "E", "117": "W", "118": "E", "125": "N", "129": "W", "131": "N", "134": "N", "141": "E", "147": "W", "149": "E", "150": "S", "156": "W", "158": "N"}, {"4": "W", "6": "E", "9": "E", "17": "E", "23": "W", "24": "N", "27": "N", "31": "S", "33": "N", "35": "E", "37": "E", "40": "W", "42": "N", "44": "N", "45": "W", "47": "E", "53": "E", "55": "N", "56": "E", "57": "S", "58": "W", "59": "E", "63": "E", "65": "E", "68": "W", "69": "E", "70": "N", "84": "N", "87": "W", "93": "S", "94": "N", "101": "E", "102": "N", "103": "S", "110": "E", "113": "N", "116": "E", "117": "S", "125": "N", "129": "W", "131": "E", "134": "N", "141": "E", "147": "N", "149": "E", "150": "S", "156": "N", "158": "N", "159": "S"}, {"4": "N", "6": "N", "9": "E", "17": "E", "24": "N", "27": "W", "31": "W", "33": "W", "35": "S", "37": "S", "40": "W", "42": "N", "44": "N", "45": "W", "47": "E", "55": "W", "56": "E", "58": "W", "59": "E", "63": "E", "65": "E", "68": "W", "69": "N", "70": "N", "84": "E", "93": "S", "94": "N", "101": "N", "102": "E", "103": "E", "110": "E", "113": "W", "116": "E", "117": "E", "125": "W", "129": "W", "131": "N", "134": "W", "141": "N", "147": "W", "149": "E", "150": "S", "156": "W", "158": "W"}, {"4": "E", "6": "W", "9": "E", "17": "E", "23": "N", "24": "N", "27": "N", "31": "S", "33": "W", "37": "E", "40": "N", "42": "N", "44": "N", "47": "S", "55": "W", "56": "E", "59": "S", "65": "E", "68": "W", "69": "N", "70": "N", "84": "E", "93": "S", "94": "N", "101": "E", "102": "E", "103": "S", "110": "E", "113": "N", "116": "E", "125": "N", "129": "N", "131": "E", "134": "N", "141": "N", "147": "W", "149": "E", "150": "S", "156": "W", "158": "N", "159": "S"}, {"4": "S", "6": "W", "9": "E", "16": "N", "17": "E", "23": "N", "24": "N", "27": "N", "31": "S", "33": "W", "37": "E", "40": "N", "42": "E", "44": "N", "55": "S", "56": "E", "59": "S", "65": "E", "68": "W", "69": "E", "70": "N", "84": "S", "94": "W", "101": "E", "102": "E", "110": "E", "113": "N", "116": "E", "125": "W", "131": "E", "134": "E", "141": "E", "147": "W", "149": "E", "150": "W", "156": "W", "158": "W", "159": "E"}, {"4": "W", "6": "W", "9": "N", "16": "W", "17": "E", "23": "E", "24": "N", "27": "N", "31": "S", "33": "N", "37": "E", "40": "E", "44": "N", "56": "E", "59": "S", "65": "E", "68": "W", "70": "E", "94": "W", "101": "E", "102": "E", "110": "E", "113": "N", "129": "N", "131": "E", "134": "N", "141": "E", "147": "W", "149": "E", "156": "W", "158": "W", "159": "E"}, {"6": "S", "16": "S", "17": "E", "23": "E", "24": "E", "27": "N", "31": "S", "37": "E", "40": "N", "44": "W", "55": "S", "56": "E", "59": "S", "65": "E", "70": "E", "94": "W", "101": "N", "102": "E", "110": "E", "113": "W", "125": "W", "129": "S", "131": "E", "134": "E", "147": "W", "156": "W", "158": "W"}, {"6": "S", "16": "E", "17": "N", "23": "N", "24": "E", "27": "N", "31": "S", "37": "E", "40": "N", "44": "N", "55": "E", "56": "S", "59": "S", "65": "E", "94": "N", "101": "E", "102": "E", "113": "W", "125": "N", "129": "W", "131": "E", "134": "E", "147": "W", "156": "S", "158": "W", "159": "S"}, {"6": "E", "17": "E", "20": "N", "24": "N", "27": "W", "31": "S", "37": "E", "40": "W", "44": "N", "55": "E", "56": "E", "59": "S", "65": "E", "88": "N", "94": "N", "101": "E", "125": "N", "129": "S", "131": "S", "134": "E", "156": "W", "158": "W"}, {"6": "E", "16": "N", "17": "E", "20": "E", "24": "E", "27": "W", "31": "S", "40": "N", "44": "W", "55": "N", "56": "E", "59": "S", "65": "N", "88": "N", "94": "W", "101": "E", "125": "W", "129": "W", "131": "S", "134": "N", "156": "W", "158": "W", "159": "S"}, {"16": "W", "17": "E", "20": "S", "24": "N", "27": "W", "31": "S", "38": "S", "40": "N", "44": "W", "56": "E", "59": "S", "65": "N", "88": "W", "129": "W", "131": "S", "134": "N", "156": "S", "158": "S", "159": "S"}, {"16": "S", "17": "E", "20": "W", "24": "N", "27": "N", "31": "S", "38": "W", "40": "N", "44": "W", "56": "S", "59": "W", "88": "W", "129": "N", "131": "S", "134": "N"}, {"16": "E", "17": "E", "24": "E", "27": "N", "31": "S", "38": "W", "40": "N", "56": "E", "59": "W", "88": "S", "129": "N", "131": "S", "134": "W"}, {"17": "E", "24": "E", "27": "W", "31": "S", "38": "N", "40": "N", "56": "S", "59": "N", "88": "S", "129": "N", "131": "S", "134": "W"}, {"17": "E", "24": "E", "27": "W", "31": "S", "38": "N", "40": "N", "56": "E", "59": "W", "88": "S", "129": "E", "131": "W", "134": "N"}, {"17": "E", "24": "E", "31": "W", "38": "E", "40": "W", "56": "E", "59": "N", "88": "E", "129": "E", "131": "W"}, {"24": "N", "38": "E", "40": "N", "56": "N", "59": "N", "88": "E", "129": "S", "131": "W"}, {"24": "E", "38": "S", "59": "N", "88": "N", "131": "N"}, {"59": "N", "131": "N"}, {"59": "W", "131": "N"}, {"131": "N"}, {"131": "N"}, {"131": "W"}, {"131": "W"}, {}, {"0": "S", "1": "S", "2": "S", "3": "S", "4": "W", "5": "S", "6": "W", "7": "S", "8": "S", "9": "S", "10": "S", "11": "S", "12": "S", "13": "S", "14": "S", "15": "S", "16": "W", "17": "W", "18": "S", "19": "W", "20": "S", "21": "S", "22": "S", "23": "S", "24": "S", "25": "W", "26": "S", "27": "S", "28": "S", "29": "S", "30": "W", "31": "S", "32": "S", "33": "S", "34": "S", "35": "S", "36": "S", "37": "W", "38": "S", "39": "S", "40": "S", "41": "S", "42": "S", "43": "S", "44": "S", "45": "S", "46": "W", "47": "S", "48": "S", "49": "S", "50": "W", "51": "S", "52": "S", "53": "W", "54": "S", "55": "S", "56": "S", "57": "W", "58": "S", "59": "S", "60": "S", "61": "S", "62": "S", "63": "W", "64": "S", "65": "S", "66": "S", "67": "S", "68": "S", "69": "S", "70": "S", "71": "S", "72": "S", "73": "S", "74": "S", "75": "S", "76": "S", "77": "S", "78": "S", "79": "W", "80": "S", "81": "S", "82": "S", "83": "S", "84": "S", "85": "S", "86": "S", "87": "S", "88": "S", "89": "W", "90": "W", "91": "S", "92": "S", "93": "S", "94": "W", "95": "S", "96": "W", "97": "W", "98": "S", "99": "S", "100": "S", "101": "S", "102": "W", "103": "S", "104": "S", "105": "S", "106": "S", "107": "S", "108": "S", "109": "S", "110": "W", "111": "W", "112": "S", "113": "S", "114": "S", "115": "S", "116": "W", "117": "S", "118": "S", "119": "S", "120": "S", "121": "S", "122": "S", "123": "S", "124": "W", "125": "S", "126": "S", "127": "W", "128": "W", "129": "S", "130": "S", "131": "S", "132": "S", "133": "S", "134": "W", "135": "S", "136": "W", "137": "W", "138": "S", "139": "S", "140": "S", "141": "S", "142": "S", "143": "S", "144": "S", "145": "W", "146": "S", "147": "S", "148": "W", "149": "S", "150": "S", "151": "S", "152": "S", "153": "S", "154": "S", "155": "S", "156": "S", "157": "W", "158": "W", "159": "S"}, {"0": "S", "1": "W", "2": "S", "3": "W", "4": "W", "5": "W", "6": "W", "7": "W", "8": "W", "9": "S", "10": "W", "11": "W", "12": "W", "13": "W", "14": "S", "15": "W", "16": "W", "17": "W", "18": "W", "19": "W", "20": "S", "21": "W", "22": "W", "23": "S", "24": "W", "25": "W", "26": "S", "27": "W", "28": "W", "29": "W", "30": "W", "31": "W", "32": "W", "33": "W", "34": "W", "35": "W", "36": "W", "37": "W", "38": "S", "39": "W", "40": "W", "41": "S", "42": "W", "43": "W", "44": "S", "45": "W", "46": "W", "47": "W", "48": "W", "49": "S", "50": "W", "51": "S", "52": "W", "53": "W", "54": "S", "55": "W", "56": "S", "57": "W", "58": "W", "59": "S", "60": "W", "61": "W", "62": "W", "63": "W", "64": "W", "65": "W", "66": "W", "67": "S", "68": "S", "69": "S", "70": "W", "71": "W", "72": "W", "73": "W", "74": "W", "75": "S", "76": "W", "77": "W", "78": "W", "79": "W", "80": "W", "81": "W", "82": "W", "83": "W", "84": "W", "85": "W", "86": "S", "87": "S", "88": "W", "89": "W", "90": "W", "91": "W", "92": "W", "93": "W", "94": "W", "95": "W", "96": "W", "97": "W", "98": "S", "99": "W", "100": "W", "101": "W", "102": "W", "103": "S", "104": "S", "105": "S", "106": "W", "107": "S", "108": "S", "109": "S", "110": "W", "111": "W", "112": "W", "113": "W", "114": "W", "115": "W", "116": "W", "117": "S", "118": "W", "119": "W", "120": "W", "121": "W", "122": "W", "123": "W", "124": "W", "125": "W", "126": "W", "127": "W", "128": "W", "129": "S", "130": "W", "131": "W", "132": "S", "133": "S", "134": "W", "135": "W", "136": "W", "137": "W", "138": "W", "139": "W", "140": "W", "141": "W", "142": "W", "143": "W", "144": "W", "145": "W", "147": "W", "148": "W", "149": "W", "150": "S", "151": "W", "152": "W", "153": "S", "154": "S", "155": "W", "156": "W", "157": "W", "158": "W", "159": "S"}, {"0": "S", "1": "S", "2": "W", "3": "S", "4": "W", "5": "S", "6": "W", "7": "S", "8": "S", "9": "S", "10": "S", "11": "W", "12": "S", "13": "W", "14": "S", "15": "S", "16": "W", "17": "W", "18": "S", "19": "W", "20": "S", "21": "S", "22": "W", "24": "S", "26": "S", "27": "W", "28": "W", "29": "S", "30": "W", "31": "S", "32": "W", "33": "S", "34": "S", "35": "W", "37": "W", "38": "S", "39": "S", "40": "S", "41": "S", "42": "W", "43": "S", "44": "S", "45": "S", "46": "W", "47": "S", "48": "S", "49": "S", "50": "W", "51": "S", "52": "W", "53": "W", "54": "S", "55": "S", "56": "S", "57": "W", "58": "S", "59": "S", "60": "S", "61": "S", "62": "S", "63": "W", "64": "S", "66": "S", "67": "S", "68": "S", "69": "S", "70": "S", "71": "S", "72": "W", "74": "S", "75": "S", "76": "S", "77": "S", "78": "S", "79": "W", "80": "W", "81": "W", "82": "W", "83": "S", "84": "W", "85": "S", "86": "W", "87": "S", "89": "W", "90": "W", "91": "S", "92": "S", "93": "S", "94": "W", "95": "S", "96": "W", "97": "W", "98": "S", "99": "W", "100": "W", "101": "W", "102": "W", "103": "S", "104": "S", "105": "S", "106": "S", "107": "S", "108": "S", "109": "S", "110": "W", "111": "W", "112": "W", "113": "S", "114": "S", "115": "W", "116": "W", "117": "S", "118": "S", "119": "W", "120": "S", "121": "S", "122": "S", "123": "S", "124": "W", "125": "S", "126": "W", "127": "W", "128": "W", "129": "S", "130": "S", "131": "S", "132": "S", "133": "S", "134": "W", "135": "W", "136": "W", "137": "W", "138": "W", "139": "S", "140": "W", "141": "S", "142": "S", "143": "S", "144": "S", "145": "W", "147": "S", "148": "W", "149": "S", "150": "S", "151": "S", "152": "S", "153": "S", "154": "S", "155": "W", "156": "S", "157": "W", "158": "W", "159": "S"}, {"0": "W", "1": "W", "2": "S", "3": "W", "4": "S", "5": "W", "6": "W", "7": "W", "8": "W", "9": "S", "10": "W", "11": "W", "12": "W", "13": "W", "14": "S", "15": "W", "16": "S", "17": "W", "18": "W", "19": "S", "20": "S", "21": "S", "22": "W", "23": "S", "24": "W", "26": "W", "27": "S", "28": "W", "29": "S", "30": "S", "31": "W", "32": "W", "33": "S", "34": "W", "35": "W", "36": "S", "37": "W", "38": "W", "40": "W", "41": "W", "43": "W", "44": "W", "45": "W", "46": "S", "47": "W", "48": "S", "50": "W", "51": "S", "52": "W", "53": "S", "54": "W", "55": "W", "56": "S", "57": "S", "58": "W", "59": "W", "60": "W", "61": "W", "62": "W", "63": "S", "64": "W", "65": "W", "66": "W", "67": "W", "68": "W", "69": "S", "70": "W", "71": "S", "72": "S", "74": "W", "75": "W", "76": "S", "77": "W", "78": "W", "79": "S", "80": "W", "81": "W", "82": "W", "83": "W", "84": "W", "85": "W", "86": "W", "87": "W", "88": "S", "89": "S", "90": "W", "91": "W", "92": "W", "93": "W", "94": "S", "95": "W", "96": "W", "97": "W", "98": "W", "99": "S", "101": "W", "102": "S", "103": "S", "104": "W", "105": "S", "106": "S", "107": "W", "108": "S", "109": "S", "110": "S", "111": "W", "112": "S", "113": "S", "115": "S", "116": "W", "117": "W", "118": "W", "119": "W", "120": "S", "121": "W", "122": "W", "123": "W", "124": "S", "125": "W", "126": "W", "127": "S", "128": "W", "129": "W", "130": "W", "131": "W", "133": "W", "134": "S", "135": "W", "136": "S", "137": "S", "138": "W", "139": "W", "140": "W", "141": "W", "143": "S", "144": "S", "145": "W", "147": "S", "148": "S", "149": "S", "150": "W", "151": "S", "152": "W", "153": "W", "154": "W", "155": "W", "156": "W", "157": "S", "158": "S", "159": "S"}, {"0": "W", "1": "S", "2": "W", "3": "S", "4": "W", "5": "S", "6": "W", "7": "S", "8": "W", "9": "S", "10": "S", "12": "W", "13": "W", "14": "S", "15": "S", "16": "W", "17": "S", "18": "W", "19": "W", "20": "W", "21": "W", "22": "S", "23": "W", "24": "S", "26": "W", "27": "W", "28": "W", "29": "S", "30": "W", "31": "S", "32": "W", "33": "W", "34": "W", "35": "W", "36": "W", "37": "W", "38": "W", "40": "S", "41": "W", "43": "S", "44": "W", "45": "S", "46": "W", "47": "W", "48": "W", "50": "S", "51": "S", "52": "S", "53": "W", "54": "S", "55": "W", "56": "S", "57": "W", "58": "S", "59": "S", "60": "W", "61": "W", "62": "W", "63": "W", "64": "W", "65": "W", "66": "S", "67": "S", "68": "S", "69": "S", "70": "W", "71": "S", "72": "W", "74": "S", "75": "S", "76": "W", "77": "S", "78": "S", "79": "W", "80": "W", "82": "W", "83": "S", "85": "S", "86": "W", "87": "S", "88": "W", "89": "W", "90": "W", "92": "S", "93": "S", "94": "W", "95": "W", "97": "W", "98": "W", "99": "W", "101": "W", "102": "W", "103": "W", "104": "W", "107": "W", "108": "S", "109": "S", "110": "W", "111": "S", "112": "W", "113": "W", "115": "W", "116": "W", "117": "S", "118": "S", "120": "W", "121": "W", "122": "S", "123": "W", "124": "S", "125": "W", "126": "W", "127": "W", "128": "W", "129": "W", "131": "W", "133": "W", "134": "W", "135": "W", "136": "W", "137": "S", "138": "W", "139": "S", "140": "W", "141": "S", "143": "W", "144": "W", "145": "S", "147": "W", "148": "W", "149": "W", "150": "W", "151": "S", "152": "S", "153": "S", "154": "W", "155": "S", "156": "S", "157": "W", "158": "W", "159": "W"}, {"0": "W", "1": "W", "2": "S", "3": "W", "4": "S", "5": "W", "7": "S", "9": "S", "10": "W", "12": "S", "14": "S", "15": "W", "16": "W", "17": "S", "18": "S", "19": "S", "20": "W", "21": "W", "22": "W", "23": "W", "24": "W", "26": "S", "27": "S", "28": "W", "29": "S", "30": "S", "31": "S", "32": "W", "33": "S", "34": "W", "35": "W", "36": "W", "37": "W", "38": "W", "40": "W", "41": "W", "43": "W", "44": "S", "45": "W", "46": "W", "47": "S", "48": "S", "50": "S", "51": "S", "52": "W", "53": "W", "54": "W", "55": "W", "56": "S", "57": "S", "58": "S", "59": "W", "60": "W", "61": "W", "62": "S", "63": "S", "64": "W", "65": "W", "66": "S", "67": "W", "68": "W", "69": "S", "70": "W", "72": "W", "74": "S", "75": "S", "76": "W", "77": "W", "78": "W", "79": "S", "82": "W", "83": "W", "85": "W", "87": "S", "88": "W", "89": "W", "92": "W", "93": "W", "94": "S", "95": "W", "97": "W", "98": "W", "99": "W", "101": "S", "102": "S", "103": "W", "104": "W", "107": "W", "108": "W", "109": "S", "110": "S", "111": "W", "112": "W", "113": "W", "115": "S", "116": "W", "117": "W", "118": "W", "120": "S", "121": "W", "122": "W", "124": "S", "125": "W", "126": "W", "127": "S", "128": "W", "129": "W", "131": "W", "133": "S", "134": "W", "135": "W", "136": "S", "137": "S", "139": "W", "140": "W", "141": "W", "143": "W", "144": "S", "145": "S", "147": "S", "148": "S", "149": "W", "150": "W", "151": "S", "152": "W", "153": "W", "154": "W", "155": "W", "156": "W", "157": "S", "158": "S", "159": "W"}, {"1": "W", "2": "S", "3": "W", "4": "S", "5": "W", "7": "W", "9": "S", "10": "W", "12": "S", "14": "S", "15": "W", "16": "S", "17": "W", "18": "S", "19": "W", "20": "S", "21": "S", "22": "W", "23": "W", "24": "S", "26": "S", "27": "S", "28": "W", "29": "S", "30": "W", "31": "W", "32": "W", "33": "S", "34": "S", "35": "S", "36": "S", "37": "W", "38": "W", "40": "W", "43": "W", "44": "S", "45": "S", "46": "W", "47": "S", "48": "W", "50": "W", "51": "W", "52": "S", "53": "S", "54": "W", "55": "W", "56": "W", "57": "S", "58": "W", "59": "W", "61": "S", "62": "S", "63": "S", "64": "W", "65": "W", "66": "W", "67": "W", "68": "W", "69": "W", "70": "S", "72": "S", "74": "W", "75": "W", "76": "S", "77": "W", "78": "W", "79": "S", "83": "W", "85": "S", "87": "W", "88": "S", "89": "W", "92": "S", "93": "W", "94": "W", "95": "S", "97": "W", "98": "S", "99": "S", "101": "W", "102": "S", "103": "W", "107": "W", "108": "W", "109": "W", "110": "W", "111": "W", "112": "S", "113": "W", "115": "S", "117": "W", "118": "W", "120": "S", "122": "S", "124": "S", "125": "S", "126": "W", "127": "S", "128": "W", "129": "S", "131": "S", "133": "S", "134": "S", "135": "W", "136": "S", "137": "S", "139": "W", "140": "W", "141": "W", "143": "S", "144": "W", "145": "W", "147": "S", "148": "S", "149": "W", "150": "S", "152": "W", "153": "W", "154": "W", "155": "S", "156": "S", "157": "S", "158": "S", "159": "S"}, {"1": "W", "2": "W", "4": "W", "5": "W", "7": "W", "9": "S", "10": "W", "12": "S", "14": "S", "15": "W", "16": "W", "17": "W", "18": "S", "19": "S", "20": "W", "21": "S", "22": "W", "23": "W", "24": "W", "26": "S", "27": "W", "30": "W", "31": "W", "32": "W", "33": "W", "34": "W", "35": "W", "36": "W", "38": "S", "40": "W", "43": "S", "44": "S", "45": "W", "46": "W", "47": "S", "48": "W", "51": "W", "52": "W", "53": "W", "54": "W", "55": "W", "56": "W", "57": "W", "58": "W", "59": "W", "61": "W", "63": "W", "64": "W", "65": "W", "67": "W", "68": "W", "69": "S", "70": "S", "72": "W", "74": "W", "75": "W", "76": "W", "77": "S", "78": "S", "79": "W", "83": "S", "85": "W", "87": "W", "88": "W", "89": "W", "92": "W", "93": "W", "94": "W", "95": "S", "97": "S", "98": "W", "99": "W", "101": "W", "102": "S", "103": "S", "107": "W", "109": "W", "110": "S", "111": "W", "112": "W", "113": "S", "115": "W", "117": "W", "118": "W", "120": "W", "122": "S", "124": "S", "125": "W", "126": "W", "127": "W", "129": "W", "131": "W", "133": "S", "134": "W", "135": "W", "136": "W", "137": "S", "139": "W", "140": "W", "141": "W", "143": "S", "144": "W", "147": "W", "148": "W", "149": "W", "150": "W", "152": "W", "154": "W", "155": "W", "156": "W", "157": "S", "158": "W", "159": "W"}, {"1": "W", "2": "W", "4": "S", "5": "W", "7": "W", "9": "W", "10": "S", "12": "S", "14": "W", "15": "W", "16": "W", "17": "W", "18": "S", "19": "W", "20": "S", "21": "S", "22": "S", "23": "S", "24": "W", "27": "W", "30": "W", "31": "W", "33": "S", "34": "W", "35": "W", "36": "S", "38": "W", "40": "S", "43": "S", "45": "W", "46": "S", "47": "W", "48": "W", "51": "W", "54": "W", "56": "W", "57": "W", "59": "W", "61": "W", "63": "S", "64": "W", "65": "W", "67": "W", "69": "S", "70": "W", "72": "S", "74": "W", "75": "S", "76": "W", "77": "S", "78": "S", "79": "S", "83": "W", "85": "W", "87": "S", "88": "W", "89": "S", "92": "W", "93": "W", "94": "W", "95": "S", "97": "W", "98": "W", "99": "W", "101": "W", "102": "S", "103": "S", "107": "W", "109": "W", "110": "W", "111": "S", "112": "W", "113": "W", "115": "W", "117": "W", "118": "W", "120": "W", "122": "W", "124": "W", "125": "S", "126": "W", "127": "S", "129": "W", "131": "W", "133": "S", "134": "W", "136": "S", "137": "W", "139": "S", "140": "W", "141": "W", "143": "W", "144": "S", "147": "W", "148": "S", "149": "S", "150": "W", "152": "S", "156": "W", "157": "S", "158": "S", "159": "S"}, {"1": "S", "2": "S", "5": "W", "7": "W", "9": "W", "10": "S", "12": "W", "14": "W", "15": "W", "17": "W", "18": "W", "19": "W", "21": "S", "22": "W", "23": "S", "24": "W", "27": "W", "30": "S", "33": "W", "34": "S", "35": "S", "36": "S", "38": "S", "40": "S", "43": "W", "45": "W", "46": "S", "47": "W", "48": "W", "51": "W", "54": "S", "56": "W", "57": "W", "59": "S", "61": "W", "63": "S", "64": "S", "65": "S", "67": "S", "69": "W", "70": "S", "72": "S", "74": "W", "75": "W", "76": "W", "77": "W", "78": "W", "79": "S", "83": "W", "85": "S", "87": "W", "88": "W", "89": "S", "92": "W", "93": "W", "94": "S", "95": "S", "97": "S", "98": "W", "99": "S", "101": "W", "102": "W", "103": "W", "107": "S", "110": "W", "111": "W", "113": "W", "115": "W", "117": "S", "118": "S", "120": "S", "122": "S", "124": "S", "125": "S", "127": "W", "129": "S", "131": "S", "133": "S", "134": "S", "136": "S", "137": "W", "139": "S", "140": "W", "141": "S", "144": "S", "148": "W", "149": "S", "150": "W", "152": "S", "156": "W", "157": "S", "158": "S", "159": "W"}, {"1": "S", "2": "S", "5": "W", "7": "S", "9": "W", "10": "S", "14": "S", "17": "W", "19": "S", "21": "S", "22": "W", "23": "W", "24": "W", "27": "W", "30": "S", "33": "S", "34": "W", "36": "W", "38": "S", "40": "W", "43": "W", "46": "W", "48": "W", "51": "W", "54": "S", "56": "S", "57": "W", "59": "S", "61": "S", "63": "S", "64": "S", "65": "S", "67": "S", "69": "W", "70": "S", "72": "W", "74": "W", "75": "W", "76": "W", "77": "W", "78": "W", "79": "S", "83": "W", "85": "S", "87": "W", "88": "W", "89": "W", "92": "W", "93": "S", "94": "S", "95": "S", "97": "S", "99": "S", "102": "S", "103": "W", "107": "S", "110": "S", "111": "W", "112": "W", "113": "W", "115": "W", "117": "W", "118": "S", "120": "S", "122": "S", "124": "S", "127": "W", "129": "W", "131": "W", "134": "W", "136": "S", "139": "S", "141": "W", "144": "S", "148": "W", "149": "S", "152": "W", "156": "S", "157": "S", "158": "W", "159": "W"}, {"1": "W", "2": "W", "5": "S", "7": "W", "9": "W", "14": "W", "19": "W", "21": "S", "23": "S", "24": "S", "27": "S", "30": "W", "33": "S", "34": "S", "36": "W", "38": "W", "40": "S", "48": "W", "51": "S", "56": "W", "57": "W", "63": "W", "64": "W", "65": "W", "67": "S", "69": "S", "70": "S", "72": "W", "74": "W", "75": "W", "76": "W", "78": "W", "79": "S", "83": "S", "85": "W", "87": "W", "88": "W", "89": "S", "92": "S", "93": "S", "94": "W", "95": "S", "97": "S", "99": "W", "102": "S", "103": "W", "107": "W", "110": "W", "112": "S", "113": "W", "115": "S", "117": "S", "120": "W", "122": "S", "124": "S", "125": "S", "127": "W", "129": "W", "131": "S", "134": "S", "136": "S", "141": "S", "144": "S", "148": "W", "149": "W", "152": "S", "156": "S", "158": "S", "159": "W"}, {"1": "S", "5": "S", "7": "S", "9": "W", "14": "W", "19": "S", "21": "W", "23": "W", "24": "S", "27": "S", "30": "S", "33": "S", "34": "S", "36": "W", "38": "S", "40": "S", "48": "S", "51": "W", "56": "W", "64": "S", "65": "S", "67": "W", "72": "W", "74": "S", "75": "W", "78": "S", "79": "W", "83": "S", "87": "W", "88": "S", "89": "S", "92": "S", "94": "S", "95": "S", "99": "S", "102": "S", "103": "S", "107": "S", "110": "S", "112": "S", "115": "S", "117": "S", "124": "W", "127": "S", "129": "S", "131": "S", "134": "S", "136": "W", "144": "S", "148": "S", "149": "S", "152": "S", "156": "S", "158": "S", "159": "S"}, {"1": "W", "5": "S", "7": "S", "9": "W", "14": "W", "19": "S", "23": "S", "24": "S", "30": "S", "33": "W", "34": "W", "36": "S", "38": "W", "40": "S", "48": "S", "51": "W", "56": "W", "64": "S", "65": "S", "72": "S", "74": "W", "75": "W", "78": "W", "79": "W", "83": "S", "87": "S", "88": "S", "89": "S", "92": "S", "94": "S", "95": "W", "99": "S", "103": "W", "107": "S", "110": "S", "112": "S", "117": "S", "125": "S", "129": "S", "131": "W", "134": "S", "136": "S", "141": "S", "144": "W", "148": "W", "149": "S", "152": "S", "156": "S", "158": "S", "159": "W"}, {"1": "W", "5": "S", "7": "S", "9": "W", "14": "W", "19": "S", "24": "S", "30": "S", "34": "S", "36": "W", "38": "W", "40": "S", "51": "W", "56": "W", "64": "S", "65": "S", "75": "W", "78": "W", "79": "W", "83": "S", "87": "S", "88": "S", "89": "S", "92": "S", "94": "S", "99": "S", "107": "S", "110": "S", "112": "S", "125": "W", "131": "S", "134": "S", "136": "S", "149": "W", "152": "S"}, {"5": "S", "7": "W", "9": "W", "14": "W", "19": "S", "30": "S", "51": "W", "56": "W", "64": "S", "65": "S", "79": "W", "87": "W", "88": "S", "89": "S", "94": "S", "99": "S", "107": "S", "110": "W", "112": "S", "134": "S", "136": "W", "141": "S", "149": "W"}, {"5": "W", "7": "W", "9": "W", "14": "W", "19": "S", "30": "S", "65": "S", "87": "W", "88": "S", "89": "S", "94": "S", "112": "S", "134": "S", "136": "W"}, {"14": "W", "19": "W", "136": "W"}]}